Institution,State,Tier,Mission,Mission MMJ,Size,Growth,Year,Property Plant Equip,Construction in Progress,K.Land,K.Buildings,K.Library,K.Other Prop Plant Equip,Plant and Equipment,Leasehold Improvements,Leased Plant Equip,Infrastructure,Other Property Plant and Equipment,Investment Property,Intang Assets,Other Non-Current Non-Financial Assets,Total Expenses,Total Benefits,Academic Benefits,Non Academic Benefits,Depreciation and Amortisation,Rep and Maint,Other Exp,Schol Grants Prizes,Non-Capitalised Equipment,"Advertising, Marketing and Promotional Expenses","Net Loss on Disposal of Property, Plant and Equipment",Other Expenditure,Equivalent FT Load,Equivalent FTL Course,Completion Count,Adjusted FT Load,SciVal All Pubs,Pubs herdc,Research Rev,RHD Completions,RTS Weighted Comp
Australian Catholic University,Other,3,OTR,NGU,Medium,Fast,2006,105509,0,21915,13039,0,70555,6676,63514,0,0,365,0,50185,15142,127361,85808,49842,35966,6378,2836,31697,1570,970,793,0,28364,10060,9608,3825,13433,81,276,3642618,47,88
Australian Catholic University,Other,3,OTR,NGU,Medium,Fast,2007,109101,0,22662,13228,0,73211,6920,65887,0,0,404,0,49365,13958,145639,97832,56785,41047,7022,3742,36917,1341,1024,754,0,33798,10874,10341,3798,14139,92,227,2597627,35,74
Australian Catholic University,Other,3,OTR,NGU,Medium,Fast,2008,116816,0,22662,13288,0,80866,7561,72814,0,0,491,0,48545,14312,167612,111940,63908,48032,7526,4781,43144,2024,711,1354,0,39055,11540,11123,3896,15019,111,325,2671427,32,69
Australian Catholic University,Other,3,OTR,NGU,Medium,Fast,2009,122348,2326,18352,15435,0,86235,10273,75453,0,0,509,0,47725,16566,188964,128228,72803,55425,9185,4894,46471,2213,1071,1712,0,41475,12982,12623,4152,16775,169,388,3058290,41,93
Australian Catholic University,Other,3,OTR,NGU,Medium,Fast,2010,141274,4597,24259,17257,0,95161,9682,84872,0,0,607,0,46910,24067,207843,139561,78802,60759,10090,4700,53386,2060,1272,2029,0,48025,14716,14311,4268,18579,181,454,6632658,37,76
Australian Catholic University,Other,3,OTR,NGU,Medium,Fast,2011,222861,25828,30159,70197,0,96677,10007,85903,0,0,767,0,46094,26262,244314,164749,93075,71674,11238,5661,62314,2527,1713,2289,0,55785,16716,16305,5018,21323,294,468,7554757,42,84
Australian Catholic University,Other,3,OTR,NGU,Medium,Fast,2012,297364,1274,34209,137327,0,124554,15077,108390,0,0,1087,0,45278,4158,280627,191228,106925,84303,13740,5332,70256,2704,1501,2315,0,63736,17914,17318,4681,21999,407,499,8410053,20,42
Australian Catholic University,Other,3,OTR,NGU,Medium,Fast,2013,342456,12361,49430,131793,0,148872,15656,131909,0,0,1307,0,44462,4101,323254,217699,120467,97232,17946,4828,82262,3476,2038,2798,10,73940,19147,18573,5552,24125,522,569,9498022,40,85
Australian Catholic University,Other,3,OTR,NGU,Medium,Fast,2014,416339,0,49955,154694,0,211690,18806,191212,0,0,1672,0,43661,4043,376197,254170,142404,111766,22229,5353,93761,4776,5280,3302,1,80402,21505,20801,5684,26485,683,494,15401125,37,84
Australian Catholic University,Other,3,OTR,NGU,Medium,Fast,2015,534904,178,54955,247998,0,231773,17782,211808,0,0,2183,0,42885,3989,435185,290360,156759,133601,26005,8497,109263,6269,4913,6104,19,91958,23546,22816,6094,28910,903,0,13897995,48,113
Australian National University,ACT,1,Go8,Go8,Medium,Medium,2006,1206944,18694,50151,991190,8177,138732,109529,0,0,0,29203,15600,0,0,643101,375146,188531,186615,42376,37607,179798,64533,12073,1977,0,101215,10869,8994,3614,12608,3126,2766,122693919,320,1020
Australian National University,ACT,1,Go8,Go8,Medium,Medium,2007,1226761,47590,66793,971413,9071,131894,102546,0,0,0,29348,18855,0,314,689516,404346,203905,200441,47149,44404,185524,57717,13452,2031,0,112324,11286,9445,3964,13409,3321,2896,135820117,302,1034
Australian National University,ACT,1,Go8,Go8,Medium,Medium,2008,1285157,87833,77534,982476,9411,127903,96803,0,0,0,31100,16000,0,294,880621,432973,220419,212554,48146,19394,212561,57141,12902,2388,0,140130,12116,10211,3840,14051,3347,3046,146208016,341,1116
Australian National University,ACT,1,Go8,Go8,Medium,Medium,2009,1325335,121615,76618,991408,9422,126272,95073,0,0,0,31199,16600,0,273,768347,425023,213235,211788,49546,21544,219753,65643,10531,2483,0,141096,12804,10816,4370,15186,3427,3055,127909940,321,1032
Australian National University,ACT,1,Go8,Go8,Medium,Medium,2010,1490939,232846,92531,1024983,11764,128815,96886,0,0,0,31929,17250,0,252,841284,478889,228618,250271,55603,24506,238154,81185,14338,2314,0,140317,13514,11431,4705,16136,3616,3133,224295887,327,1020
Australian National University,ACT,1,Go8,Go8,Medium,Medium,2011,1686765,216960,90531,1154401,11776,213097,109955,2974,0,66900,33268,18250,0,230,918126,513847,246378,267469,60815,19314,262347,79466,23505,2600,0,156776,13973,11787,5605,17392,3815,3078,207268221,351,1184
Australian National University,ACT,1,Go8,Go8,Medium,Medium,2012,1868533,107645,88531,1436035,11842,224480,110159,3090,0,77743,33488,18600,0,207,932441,538028,274336,263692,69951,17811,267465,92712,12432,2961,0,159360,14366,12113,5908,18021,4171,3410,217226212,337,1133
Australian National University,ACT,1,Go8,Go8,Medium,Medium,2013,1905856,55451,105120,1486620,29445,229220,127934,2649,0,77916,20721,19200,0,184,958113,554699,279444,275255,71424,22928,277402,90707,13004,3081,-166,170776,14769,12485,6145,18630,4376,3499,251479990,361,1170
Australian National University,ACT,1,Go8,Go8,Medium,Medium,2014,1875127,18964,101620,1503125,29439,221979,119251,2207,0,78800,21721,30000,2867,673,981721,553183,285032,268151,84463,20651,302317,97327,16829,4998,13628,169535,15601,13251,6703,19954,4638,3632,272410232,399,1326
Australian National University,ACT,1,Go8,Go8,Medium,Medium,2015,1799221,26154,93320,1446975,29422,203350,102121,2301,0,77119,21809,0,2246,2894,1003696,580775,299645,281130,88011,19665,293268,95303,14671,4064,1372,177858,16054,13798,5630,19428,4526,0,274605687,397,1379
Batchelor Institute of Indigenous Tertiary Education,NT,3,OTR,OTR,Small,Negative,2006,18652,38,420,16309,762,1123,92,0,0,0,1031,0,51,0,39997,22319,9319,13000,884,1460,15340,0,0,0,0,15340,432,262,51,313,0,5,764800,0,0
Batchelor Institute of Indigenous Tertiary Education,NT,3,OTR,OTR,Small,Negative,2007,19186,1040,420,15607,1083,1036,80,0,0,0,956,0,28,0,44954,24512,9498,15014,898,1612,17859,551,593,90,0,16625,475,299,75,374,0,8,996748,0,0
Batchelor Institute of Indigenous Tertiary Education,NT,3,OTR,OTR,Small,Negative,2008,20946,3304,420,14864,1083,1275,70,0,0,0,1205,0,5,0,45538,24201,9405,14796,857,1454,18987,695,478,58,0,17756,446,277,42,319,0,4,577355,0,0
Batchelor Institute of Indigenous Tertiary Education,NT,3,OTR,OTR,Small,Negative,2009,30498,56,1200,26949,1083,1210,162,0,0,0,1048,0,0,0,41984,22857,11833,11024,905,1168,16947,696,265,149,0,15837,432,232,25,257,0,14,492254,0,0
Batchelor Institute of Indigenous Tertiary Education,NT,3,OTR,OTR,Small,Negative,2010,30800,0,1200,26379,0,3221,1386,0,0,0,1835,0,0,0,47480,22579,11704,10875,1394,869,22652,661,429,154,0,21408,251,212,45,257,0,9,426988,0,0
Batchelor Institute of Indigenous Tertiary Education,NT,3,OTR,OTR,Small,Negative,2011,31301,635,1272,25498,0,3896,1166,0,0,817,1913,0,0,0,41316,24393,11595,12798,1475,442,15023,464,509,223,0,13827,217,175,74,249,0,11,805983,0,0
Batchelor Institute of Indigenous Tertiary Education,NT,3,OTR,OTR,Small,Negative,2012,35700,706,1272,29909,0,3813,1025,0,0,816,1972,0,0,0,41396,26242,13303,12939,1551,512,13139,98,397,66,0,12578,18,0,85,85,0,13,812373,0,0
Batchelor Institute of Indigenous Tertiary Education,NT,3,OTR,OTR,Small,Negative,2013,35394,868,1272,29687,0,3567,821,0,0,774,1972,0,0,0,41478,26680,14258,12422,1571,345,12829,76,629,28,0,12096,13,0,6,6,0,10,1057443,0,0
Batchelor Institute of Indigenous Tertiary Education,NT,3,OTR,OTR,Small,Negative,2014,34166,0,1272,29576,0,3318,615,0,0,731,1972,0,0,0,42583,27291,14420,12871,1657,335,13296,6,667,51,7,12565,10,0,2,2,0,20,156311,2,4
Batchelor Institute of Indigenous Tertiary Education,NT,3,OTR,OTR,Small,Negative,2015,33060,0,1272,28246,0,3542,806,0,0,764,1972,0,0,0,44483,28739,15144,13595,1631,561,13546,66,930,43,0,12507,10,0,0,0,0,0,99975,0,0
Central Queensland University,QLD,3,RUN,RUN,Small,Negative,2006,163519,2159,21500,116502,1517,21841,9133,5288,0,0,7420,0,4893,0,270549,100752,45899,54853,9578,6163,152725,1476,11775,2114,0,137360,18468,17826,6270,24096,206,387,6317691,24,66
Central Queensland University,QLD,3,RUN,RUN,Small,Negative,2007,189077,1344,25500,136845,1522,23866,8640,4630,0,0,10596,0,11852,0,255225,108161,49058,59103,10255,7641,128439,1414,6439,3009,0,117577,14438,13647,6580,20227,271,314,5753487,33,88
Central Queensland University,QLD,3,RUN,RUN,Small,Negative,2008,176285,2969,23505,127148,1839,20824,7719,5456,0,0,7649,7850,11156,0,236792,95081,43711,51370,11637,8737,111769,2337,4200,4868,0,100364,12024,11215,5441,16656,277,319,7068421,23,58
Central Queensland University,QLD,3,RUN,RUN,Small,Negative,2009,212536,2174,47345,143323,1552,18142,6747,3403,0,0,7992,7850,8918,0,240235,98694,43695,54999,12242,9097,119967,2640,5004,3791,0,108532,12455,11311,4620,15931,215,265,5154608,39,88
Central Queensland University,QLD,3,RUN,RUN,Small,Negative,2010,219953,7994,39115,151271,1536,20037,5836,2792,0,0,11409,9500,7061,0,254432,109098,50224,58874,11849,7560,125900,2491,6368,3528,0,113513,12798,11664,4890,16554,224,332,6045510,32,71
Central Queensland University,QLD,3,RUN,RUN,Small,Negative,2011,252628,3746,44011,176479,1878,26514,8277,7439,0,8436,2362,1650,5226,0,263643,116759,57063,59696,12101,8856,125696,2469,8643,4804,0,109780,12228,11167,4982,16149,258,317,7089476,45,111
Central Queensland University,QLD,3,RUN,RUN,Small,Negative,2012,266535,3199,44412,183881,3054,31989,10903,11582,0,8066,1438,1650,5523,0,275533,130540,65192,65348,13583,8161,122928,3243,7054,5524,0,107107,11787,10625,4519,15144,309,373,7896199,32,77
Central Queensland University,QLD,3,RUN,RUN,Small,Negative,2013,266982,701,42400,185948,3313,34620,10764,10297,0,12697,862,1300,3592,0,261963,147743,73992,73751,14689,8847,89437,3057,5330,4798,0,76252,11479,10391,3759,14150,426,417,9175668,54,151
Central Queensland University,QLD,3,RUN,RUN,Small,Negative,2014,381032,8016,54740,260103,3253,54920,14955,8486,0,27263,4216,5155,7611,0,290147,166771,89565,77206,15243,12486,94589,4410,6683,5695,2923,74878,12287,11155,3479,14634,461,399,8642595,46,111
Central Queensland University,QLD,3,RUN,RUN,Small,Negative,2015,538191,3044,38290,420475,3503,72879,26689,18232,0,25914,2044,3100,8264,0,343743,198162,105981,92181,19396,12860,108662,4460,10377,6823,8,86994,13033,11908,3980,15888,461,0,7604103,42,77
Charles Darwin University,NT,3,IRU,IRU,Small,Fast,2006,228006.56,11063.24,16525,172070,10454.08,17894.24,4537.24,0,0,0,13357,0,0,0,139375.66,79099,43737,35362,9352,6709,43753.66,3862.34,2020.4,1555.92,0,36315,3120,2711,830,3541,284,200,18669148,14,40
Charles Darwin University,NT,3,IRU,IRU,Small,Fast,2007,301171,1219,20397,249785,10939,18831,5882,0,0,0,12949,0,0,0,153582,85472,48330,37142,9328,7942,50218,4771,2144,1986,0,41317,3509,3036,865,3901,333,239,24680171,36,100
Charles Darwin University,NT,3,IRU,IRU,Small,Fast,2008,302116,10437,20649,243174,10107,17749,4872,0,0,0,12877,0,1949,2649,170196,92423,52464,39959,12788,5240,58696,5815,2286,2037,0,48558,3655,3136,1034,4170,312,235,26356803,25,71
Charles Darwin University,NT,3,IRU,IRU,Small,Fast,2009,306445,23545,20649,235319,9257,17675,5187,0,0,0,12488,0,1481,2324,191393,103903,58050,45853,12456,8157,66089,7094,2980,2686,0,53329,3974,3460,874,4334,351,235,31840195,21,65
Charles Darwin University,NT,3,IRU,IRU,Small,Fast,2010,364466,20607,25845,289764,10724,17526,5842,0,0,0,11684,0,1013,2542,208373,117361,64252,53109,13251,6606,70810,6368,4384,3472,0,56586,4280,3724,1082,4806,383,246,33164562,22,57
Charles Darwin University,NT,3,IRU,IRU,Small,Fast,2011,382088,23487,25845,305420,9832,17504,6393,0,0,10216,895,0,546,2236,210189,118375,62787,55588,14997,6433,69242,11361,4928,3555,0,49398,4509,3872,1289,5161,405,252,43918203,27,91
Charles Darwin University,NT,3,IRU,IRU,Small,Fast,2012,404084,9591,23165,340599,8987,21742,8929,0,0,11876,937,0,78,2495,230341,127320,67881,59439,16110,6424,80129,17407,3552,4741,0,54429,5228,4374,1533,5907,446,224,39389696,29,94
Charles Darwin University,NT,3,IRU,IRU,Small,Fast,2013,453479,29740,34867,354538,8581,25753,10856,1763,0,12215,919,0,0,3190,265768,135889,72126,63763,18531,7524,103194,17338,3593,4900,0,77363,5632,4740,1412,6152,502,293,35059757,22,58
Charles Darwin University,NT,3,IRU,IRU,Small,Fast,2014,494245,19960,33674,407052,7832,25727,9062,2391,0,13338,936,0,529,2135,295271,147703,79201,68502,20714,6474,119916,15856,3051,5156,0,95853,6182,5410,1560,6970,497,331,46077776,42,121
Charles Darwin University,NT,3,IRU,IRU,Small,Fast,2015,489348,5876,33649,415021,7026,27776,8482,2619,0,15659,1016,0,521,718,291000,154034,80946,73088,23256,7671,105145,16152,3344,4440,265,80944,6620,5818,1521,7339,566,0,38105049,34,117
Charles Sturt University,NSW,3,OTR,RUN,Medium,Slow,2006,411461,0,43332,345282,6978,15869,5857,0,0,0,10012,0,310,52,239033,149127,72337,76790,18612,3929,67049,18195,4880,1426,0,42548,19159,18526,7425,25951,190,684,10031975,35,93
Charles Sturt University,NSW,3,OTR,RUN,Medium,Slow,2007,433487,0,45808,365256,6391,16032,6634,0,0,0,9398,0,582,14,263722,169164,80678,88486,20377,4357,69664,13095,5923,2046,0,48600,18415,17806,7671,25477,325,749,12046431,39,128
Charles Sturt University,NSW,3,OTR,RUN,Medium,Slow,2008,513656,66778,45667,375839,5970,19402,9423,0,0,0,9979,0,573,0,326128,185597,84856,100741,21272,9936,84266,16356,6677,2500,0,58733,17739,17125,7395,24520,263,661,12133639,63,175
Charles Sturt University,NSW,3,OTR,RUN,Medium,Slow,2009,620620,54236,41554,494148,5520,25162,16012,0,0,0,9150,0,1208,0,305283,194271,86588,107683,23370,4347,78188,14075,10936,2092,0,51085,18802,18090,7237,25327,336,549,12903233,23,59
Charles Sturt University,NSW,3,OTR,RUN,Medium,Slow,2010,621342,17827,42858,525261,5937,29459,19072,0,0,0,10387,0,1503,0,339561,201986,92105,109881,26389,15246,92622,22018,8876,2318,0,59410,21327,20473,7996,28469,383,681,15143206,42,119
Charles Sturt University,NSW,3,OTR,RUN,Medium,Slow,2011,664521,72262,40167,515827,6976,29289,18181,0,0,0,11108,0,1589,0,390578,228815,107714,121101,27928,14932,107977,19632,4660,1749,0,81936,21340,20521,8806,29327,417,621,11581556,60,178
Charles Sturt University,NSW,3,OTR,RUN,Medium,Slow,2012,687333,18322,42483,562523,5333,58672,21254,0,0,26691,10727,0,1171,0,421596,247025,116496,130529,35919,13942,122491,21623,5349,1367,0,94152,21820,20955,7390,28345,506,702,11639393,55,154
Charles Sturt University,NSW,3,OTR,RUN,Medium,Slow,2013,725235,62828,48043,551446,5104,57814,20542,0,0,27340,9932,0,877,0,434644,258044,121969,136075,33303,14221,122319,20152,4765,2041,60,95301,21737,20844,8025,28869,518,717,12201020,72,205
Charles Sturt University,NSW,3,OTR,RUN,Medium,Slow,2014,751891,17286,53933,617999,3610,59063,20169,0,0,30180,8714,0,1019,5679,454201,258904,122640,136264,34427,10027,146596,25496,4747,3106,-21,113268,22008,21194,9087,30281,542,912,13905636,82,224
Charles Sturt University,NSW,3,OTR,RUN,Medium,Slow,2015,789842,48549,55091,625550,2368,58284,16949,0,0,32750,8585,0,1669,5340,471074,264823,122751,142072,37006,12330,153590,21263,5132,4880,28,122287,21952,21108,9140,30248,576,0,13865575,104,307
Curtin University of Technology,WA,2,ATN,ATN,Large,Slow,2006,532594,26643,82437,367017,11100,45397,31613,3949,0,0,9835,0,0,0,435923,264064,142194,121870,29396,14924,126619,15104,1375,3545,0,106595,27141,25629,9479,35108,1026,1081,47710351,180,462
Curtin University of Technology,WA,2,ATN,ATN,Large,Slow,2007,565419,66712,83437,366038,12510,36722,22593,3902,0,0,10227,0,0,0,490741,289597,156976,132621,23725,12195,163419,19285,4936,5387,0,133811,28055,26491,9575,36066,1188,1246,58062106,238,663
Curtin University of Technology,WA,2,ATN,ATN,Large,Slow,2008,647374,133055,83272,376212,13888,40947,25932,3854,0,0,11161,0,0,0,585218,333359,180537,152822,24873,13435,190775,25913,6805,6888,0,151169,28416,26828,9947,36775,1462,1425,64538248,177,497
Curtin University of Technology,WA,2,ATN,ATN,Large,Slow,2009,677331,34892,83813,499521,14870,44235,28773,3807,0,0,11655,0,0,0,624587,361706,195141,166565,29074,14674,207942,31488,6985,6681,0,162788,30614,28921,10425,39346,1703,1617,64702041,191,549
Curtin University of Technology,WA,2,ATN,ATN,Large,Slow,2010,675233,41665,78840,494875,16597,43256,27091,4396,0,0,11769,0,0,0,636639,379069,210489,168580,30114,16274,206396,35644,6509,6539,0,157704,33135,31184,10644,41828,1970,1641,58472280,200,585
Curtin University of Technology,WA,2,ATN,ATN,Large,Slow,2011,696425,35250,80717,520551,18189,41718,25639,4186,0,0,11893,0,0,0,678446,413298,234207,179091,33730,13857,210855,36857,6109,5968,0,161921,32352,30273,12399,42672,2267,1495,62466761,222,671
Curtin University of Technology,WA,2,ATN,ATN,Large,Slow,2012,722763,23030,80356,554628,19799,44950,28677,3977,0,0,12296,0,0,0,712062,435247,239611,195636,34324,16270,224276,37121,8054,7492,0,171609,32768,30526,10273,40799,2468,1548,63381520,242,752
Curtin University of Technology,WA,2,ATN,ATN,Large,Slow,2013,759069,29685,78998,571279,19819,59288,43007,3768,0,0,12513,0,0,0,788391,486820,265556,221264,39752,14213,243624,37012,6790,7369,0,192453,33742,31392,10173,41565,2789,1458,72417718,281,809
Curtin University of Technology,WA,2,ATN,ATN,Large,Slow,2014,799226,49195,78998,580421,18067,72545,56436,3559,0,0,12550,0,0,0,839922,505494,273316,232178,46303,18284,264307,42483,8359,7761,0,205704,35264,32461,10647,43108,3161,1487,80457602,297,907
Curtin University of Technology,WA,2,ATN,ATN,Large,Slow,2015,880113,93196,78998,609852,18633,79434,63465,3350,0,0,12619,0,0,0,848045,509836,271085,238751,48439,14531,271304,46273,5963,6531,492,212045,35561,32624,10594,43218,3369,0,87467993,292,901
Deakin University,VIC,2,OTR,OTR,Large,Medium,2006,642167,88024,97737,373325,37400,45681,32491,897,0,0,12293,0,1000,0,382977,220420,105506,114914,29608,20137,111072,11094,2560,7479,0,89939,21884,21015,7660,28675,719,1048,21696965,118,354
Deakin University,VIC,2,OTR,OTR,Large,Medium,2007,709513,15733,104852,515254,33082,40592,28002,181,0,0,12409,0,2000,0,417096,239558,118083,121475,35541,16884,123119,12231,3419,9019,0,98450,23212,22393,7470,29863,1005,1046,24853763,137,430
Deakin University,VIC,2,OTR,OTR,Large,Medium,2008,749428,8572,104852,543158,28763,64083,57524,0,0,0,6559,0,3333,0,468504,271409,133077,138332,36122,23114,130823,13135,5758,13333,0,98597,25592,24735,7923,32658,1062,1172,29109353,145,446
Deakin University,VIC,2,OTR,OTR,Large,Medium,2009,836075,34414,120190,570031,24953,86487,78891,0,0,0,7596,0,3180,0,496695,291966,147563,144403,36290,25955,135346,16519,4389,15546,0,98892,26227,25328,8355,33683,1229,1271,36813708,147,463
Deakin University,VIC,2,OTR,OTR,Large,Medium,2010,925836,48332,129078,610821,21441,116164,102592,5729,0,0,7843,0,3432,0,539598,313551,154939,158612,39844,34264,147518,19656,4782,15152,0,107928,27550,26485,8928,35413,1382,1255,32634432,140,459
Deakin University,VIC,2,OTR,OTR,Large,Medium,2011,1005763,88587,129477,609746,18955,158998,145731,5057,0,0,8210,0,3336,0,605613,361370,180712,180658,48170,32180,157644,24718,3833,14273,0,114820,29002,27913,9642,37555,1640,1330,35624258,119,395
Deakin University,VIC,2,OTR,OTR,Large,Medium,2012,1152261,143271,133864,643969,17900,213257,199269,5596,0,0,8392,0,2498,0,651750,395716,201458,194258,53016,27974,174448,25494,10599,17210,0,121145,30581,29422,9559,38981,1938,1458,46381057,167,528
Deakin University,VIC,2,OTR,OTR,Large,Medium,2013,1326961,129917,159110,745763,16297,275874,264186,2999,0,0,8689,0,3176,0,731890,434619,223654,210965,58952,43542,194192,33106,6545,9623,722,144196,32848,31569,9740,41309,2596,1712,43443202,188,627
Deakin University,VIC,2,OTR,OTR,Large,Medium,2014,1202628,38914,159110,729491,14895,260218,247832,3555,0,0,8831,0,4194,0,792484,475236,247968,227268,63334,45445,206458,36552,7343,10713,0,151850,35250,33936,11261,45197,2709,1719,47831018,280,951
Deakin University,VIC,2,OTR,OTR,Large,Medium,2015,1318178,73567,166323,810680,16242,251366,239820,2365,0,0,9181,0,5144,0,852088,496889,257909,238980,69485,44042,228311,38692,7478,14578,336,167227,37076,35745,10200,45945,3054,0,47183309,252,850
Edith Cowan University,WA,3,OTR,NGU,Medium,Slow,2006,642935,21321,189075,395343,8230,28966,17742,11224,0,0,0,12493,2834,0,240903,153856,81002,72854,18499,4897,61587,4995,4604,3377,0,48611,15392,14738,5795,20533,410,510,10015062,90,189
Edith Cowan University,WA,3,OTR,NGU,Medium,Slow,2007,675237,25773,189076,423157,8703,28528,8723,10776,0,0,9029,12493,0,0,246696,147945,76431,71514,19925,6122,70099,5751,6628,6312,0,51408,14873,14194,5590,19784,399,493,9583843,81,172
Edith Cowan University,WA,3,OTR,NGU,Medium,Slow,2008,799483,29432,199330,527922,9253,33546,10718,13554,0,0,9274,14243,0,0,272285,159661,80605,79056,17083,7113,73675,7291,4615,6484,0,55285,15552,14682,5825,20507,463,546,12389790,92,199
Edith Cowan University,WA,3,OTR,NGU,Medium,Slow,2009,811281,17982,177353,567813,10277,37856,12765,12706,0,0,12385,13534,0,0,283037,172380,86015,86365,18866,7354,78621,8943,3296,5586,0,60796,17112,16105,6150,22255,435,553,12809317,64,158
Edith Cowan University,WA,3,OTR,NGU,Medium,Slow,2010,822090,25539,160109,526555,11332,98555,11526,10460,0,0,76569,12908,0,0,309500,190850,95066,95784,19713,6335,86613,9183,3773,9262,0,64395,18203,17117,6223,23340,487,602,15312463,70,171
Edith Cowan University,WA,3,OTR,NGU,Medium,Slow,2011,792765,11307,134538,607502,6116,33302,10697,10068,0,0,12537,10913,5421,0,320489,196457,94973,101484,19300,7345,90791,8690,4036,8125,0,69940,17934,16957,6147,23104,556,595,15753887,77,182
Edith Cowan University,WA,3,OTR,NGU,Medium,Slow,2012,803700,16370,134126,612091,6056,35057,12340,9849,0,0,12868,9820,5667,0,347435,211913,101867,110046,22239,8616,98820,9486,4030,8958,0,76346,17655,16589,6014,22603,579,542,15428009,90,208
Edith Cowan University,WA,3,OTR,NGU,Medium,Slow,2013,782941,34566,135686,574822,5586,32281,10245,9115,0,0,12921,13610,6103,0,356774,216965,101021,115944,23600,9146,95448,8246,3744,8182,0,75276,17223,16192,5811,22003,615,554,16514250,111,275
Edith Cowan University,WA,3,OTR,NGU,Medium,Slow,2014,806807,72351,143352,557124,4954,29026,9712,6395,0,0,12919,21354,6465,1758,364074,221678,106643,115035,20581,10035,110136,9941,3761,9239,0,87195,17258,16107,5797,21904,689,504,16031869,123,308
Edith Cowan University,WA,3,OTR,NGU,Medium,Slow,2015,815887,8037,156227,613682,4913,33028,12652,5771,0,0,14605,22636,5690,1658,360659,221419,103728,117691,21859,7388,106568,10838,3367,10545,0,81818,17266,15965,5372,21337,728,0,15052315,124,319
Federation University Ballarat,VIC,3,RUN,RUN,Small,Medium,2006,208855,561,28936,158195,3327,17836,10301,0,0,0,7535,0,880,0,159346,86539,51003,35536,11485,2253,58578,3326,3418,1978,0,49856,7726,7486,2922,10408,131,171,4457690,23,65
Federation University Ballarat,VIC,3,RUN,RUN,Small,Medium,2007,265234,4684,41282,201989,3264,14015,12957,0,0,0,1058,0,4028,0,187094,94678,56695,37983,10932,3575,77180,3637,6943,2227,0,64373,9312,9047,3206,12253,152,218,5666077,31,68
Federation University Ballarat,VIC,3,RUN,RUN,Small,Medium,2008,265046,8458,41553,195740,3591,15704,13783,863,0,0,1058,0,10386,0,211091,104697,62120,42577,11991,3951,84586,4207,7585,2089,0,70705,10052,9741,3156,12897,188,202,5624360,27,66
Federation University Ballarat,VIC,3,RUN,RUN,Small,Medium,2009,217076,2730,34308,153437,3763,22838,20737,1042,0,0,1059,60545,9253,0,206413,106034,61123,44911,12716,7168,79152,4863,2940,1634,0,69715,10000,9618,3001,12619,230,234,4962262,29,67
Federation University Ballarat,VIC,3,RUN,RUN,Small,Medium,2010,218624,7388,34540,149246,3396,24054,19492,3285,0,0,1277,65577,7693,0,200643,110846,65070,45776,13289,6223,68699,4229,2560,882,0,61028,8625,8247,3402,11649,260,227,3510328,30,78
Federation University Ballarat,VIC,3,RUN,RUN,Small,Medium,2011,222485,17694,34811,142702,3209,24069,19588,3205,0,0,1276,65180,6215,0,195659,103835,59284,44551,13287,4731,72414,3734,3513,1301,0,63866,8794,8496,2447,10943,236,202,3515171,29,74
Federation University Ballarat,VIC,3,RUN,RUN,Small,Medium,2012,261383,48366,41915,146653,3738,20711,16724,2710,0,0,1277,66070,4523,0,207047,107711,60417,47294,12463,5068,81722,3785,4316,1169,0,72452,9234,8837,2200,11037,243,242,3430952,32,77
Federation University Ballarat,VIC,3,RUN,RUN,Small,Medium,2013,277093,25536,41915,184629,3950,21063,17195,2591,0,0,1277,62845,2955,0,224685,109232,58922,50310,13260,5368,92349,4102,3649,4780,0,79818,9266,8865,1756,10621,323,244,3727590,22,68
Federation University Ballarat,VIC,3,RUN,RUN,Small,Medium,2014,300423,0,42679,230976,5227,21541,17549,2473,0,0,1519,59275,1410,0,275904,137198,74269,62929,16216,12068,101168,3788,5482,4313,0,87585,9766,9430,1590,11020,172,309,5792610,19,41
Federation University Ballarat,VIC,3,RUN,RUN,Small,Medium,2015,311768,178,40560,245047,5725,20258,14208,4693,0,0,1357,66570,28,0,266113,129153,71407,57746,16841,9660,109662,4525,4156,3820,0,97161,10695,10340,3787,14127,31,0,4846688,35,74
Flinders University,SA,3,IRU,IRU,Medium,Medium,2006,165088,5795,23294,101761,16826,17412,10439,0,0,0,6973,5855,2817,0,222270,146229,79163,67066,10899,9796,55098,8654,4723,1997,0,39724,10991,10365,3744,14109,904,923,36883844,120,354
Flinders University,SA,3,IRU,IRU,Medium,Medium,2007,289379,21426,35097,192826,21130,18900,11084,0,0,0,7816,11134,2674,0,241443,161301,89211,72090,10465,10775,58227,9999,4939,2481,0,40808,11468,10840,4089,14929,861,904,45152868,92,301
Flinders University,SA,3,IRU,IRU,Medium,Medium,2008,322562,5201,37330,240279,19393,20359,13226,0,0,0,7133,10259,3013,0,269180,173370,95277,78093,14402,9751,66025,11802,5714,2663,0,45846,11632,10984,4013,14997,1073,1018,48060532,121,396
Flinders University,SA,3,IRU,IRU,Medium,Medium,2009,339861,10459,35297,253043,19243,21819,15328,0,0,0,6491,11312,2792,0,291118,182902,99060,83842,16571,9612,81886,13844,6241,2468,0,59333,12195,11554,4417,15971,1080,915,48559201,93,300
Flinders University,SA,3,IRU,IRU,Medium,Medium,2010,374119,13251,35345,282413,17886,25224,18694,0,0,0,6530,12015,2789,0,317736,201833,108608,93225,17575,14905,83267,12877,7482,2511,0,60397,12883,12203,4672,16875,1205,957,56590471,99,319
Flinders University,SA,3,IRU,IRU,Medium,Medium,2011,388466,10663,38316,267656,17906,53925,20053,0,0,27589,6283,10557,3191,0,341148,222815,120131,102684,19481,9937,85662,13758,6159,3155,0,62590,13516,12730,4708,17438,1326,994,53286568,136,465
Flinders University,SA,3,IRU,IRU,Medium,Medium,2012,395000,5468,38552,279062,16901,55017,20853,0,0,27802,6362,9400,2870,0,362883,243142,131819,111323,20793,9012,89922,12990,6839,3352,0,66741,14636,13555,5028,18583,1547,1084,56752352,124,408
Flinders University,SA,3,IRU,IRU,Medium,Medium,2013,439823,37601,37382,296609,16618,51613,21087,0,0,24998,5528,9400,4333,0,396824,266315,143132,123183,21235,11455,97499,14377,7905,3308,0,71909,15559,14441,5262,19703,1733,1187,62253964,106,309
Flinders University,SA,3,IRU,IRU,Medium,Medium,2014,544719,39373,37466,388646,17100,62134,24590,0,6596,25140,5808,9203,12069,6537,419248,284593,155257,129336,22930,12335,98272,14281,7974,3452,763,71802,16416,15232,5701,20933,1853,1151,53883850,144,462
Flinders University,SA,3,IRU,IRU,Medium,Medium,2015,586199,63554,38976,395175,18055,70439,27043,4987,4947,27403,6059,8300,16992,6441,439503,288908,158208,130700,29711,13215,105108,14671,6755,3940,6001,73741,16701,15525,5347,20872,1993,0,51924623,146,450
Griffith University,QLD,2,IRU,IRU,Large,Medium,2006,1026006,22304,156523,687862,43216,116101,52035,0,0,0,64066,0,14974,7056,457554,271068,139955,131113,39382,13494,129029,18899,12263,6737,0,91130,25724,24253,8114,32367,1062,1218,36009916,163,469
Griffith University,QLD,2,IRU,IRU,Large,Medium,2007,1085564,14531,164730,775493,595,130215,53498,0,0,0,76717,0,11626,6988,475315,288063,147424,140639,37400,11985,128952,19670,12608,7249,0,89425,26674,25201,8511,33712,1213,1322,42640399,174,520
Griffith University,QLD,2,IRU,IRU,Large,Medium,2008,1169760,11164,173215,849544,595,135242,54343,0,0,0,80899,0,11663,6920,523348,318303,161657,156646,37388,10384,150097,27028,12696,8066,0,102307,27743,26235,9232,35467,1376,1369,51707453,146,396
Griffith University,QLD,2,IRU,IRU,Large,Medium,2009,1472602,52186,180740,1068590,720,170366,57132,0,0,0,113234,0,10354,6852,580796,352865,180293,172572,32031,11496,177051,33807,13757,9444,0,120043,29987,28440,9722,38162,1396,1495,63057149,155,456
Griffith University,QLD,2,IRU,IRU,Large,Medium,2010,1551232,29490,181330,1158930,720,180762,60753,0,0,0,120009,0,9252,6784,620747,384033,196946,187087,25041,9934,194507,40740,18614,9546,0,125607,31879,30220,10452,40672,1649,1736,64132885,172,513
Griffith University,QLD,2,IRU,IRU,Large,Medium,2011,1675788,73528,185680,1231518,720,184342,59349,0,0,119273,5720,0,13900,6716,665201,418712,215489,203223,26068,10966,202842,51949,14641,11659,0,124593,31228,29675,10658,40333,1931,1845,74298704,199,598
Griffith University,QLD,2,IRU,IRU,Large,Medium,2012,1827006,160431,195510,1276061,720,194284,61910,0,0,125781,6593,0,14821,6648,717327,450998,231357,219641,27004,11341,223389,57643,14329,12587,0,138830,31184,29490,10830,40320,2333,2040,65858640,185,540
Griffith University,QLD,2,IRU,IRU,Large,Medium,2013,1965658,32086,195127,1519550,720,218175,66870,0,0,144469,6836,0,14199,6580,746131,461149,238379,222770,30751,14793,234925,60583,16888,9717,896,146841,31919,30046,10683,40729,2757,2387,62428759,198,564
Griffith University,QLD,2,IRU,IRU,Large,Medium,2014,2019734,37787,201848,1569877,607,209615,57794,0,0,143629,8192,0,19317,6512,767855,482722,247254,235468,29000,12590,239995,55952,16999,10773,358,155913,33072,30869,10568,41437,3062,2306,67774267,230,695
Griffith University,QLD,2,IRU,IRU,Large,Medium,2015,1554926,10073,203970,1200601,622,139660,60269,0,0,71064,8327,0,24789,6444,830264,503216,256986,246230,55611,15371,251414,59377,15196,10884,1296,164661,33896,31745,10334,42079,3161,0,72808060,244,750
James Cook University,QLD,2,IRU,IRU,Medium,Medium,2006,550523,19199,77254,364164,43154,46752,21133,0,0,0,25619,0,385,0,221746,135769,73117,62652,19848,7514,57600,9264,6029,1341,0,40966,10869,10009,3050,13059,842,687,25104586,101,375
James Cook University,QLD,2,IRU,IRU,Medium,Medium,2007,544328,29878,112060,344447,500,57443,22304,0,0,0,35139,0,7186,0,229852,133009,69481,63528,17627,8125,69910,12754,6872,1547,0,48737,11256,10404,2829,13233,873,761,25477962,76,238
James Cook University,QLD,2,IRU,IRU,Medium,Medium,2008,612925,61858,121610,369920,500,59037,21448,0,0,0,37589,0,5848,0,260522,146358,75261,71097,19529,8994,83453,10270,6608,1949,0,64626,11771,10859,2341,13200,884,794,28063952,62,211
James Cook University,QLD,2,IRU,IRU,Medium,Medium,2009,618357,30211,116600,390782,500,80264,28035,0,0,0,52229,0,4572,0,286768,157288,79984,77304,21347,11215,90141,11656,6821,2178,0,69486,12829,11902,3810,15712,1039,802,27755677,88,292
James Cook University,QLD,2,IRU,IRU,Medium,Medium,2010,623893,31776,115622,396157,500,79838,27880,0,0,0,51958,0,3375,0,308151,174539,89323,85216,22687,10330,98374,14384,7496,2283,0,74211,13763,12775,3266,16041,1029,820,30281279,87,325
James Cook University,QLD,2,IRU,IRU,Medium,Medium,2011,646292,36621,116358,410500,500,82313,31455,0,0,50212,646,0,3710,0,348663,191359,98446,92913,24222,11757,118689,20523,9671,3122,0,85373,14238,13290,3973,17263,1236,849,39432248,116,422
James Cook University,QLD,2,IRU,IRU,Medium,Medium,2012,618571,58704,59603,400912,500,98852,31771,0,0,66435,646,0,3894,0,396613,213454,110001,103453,26337,17475,137173,20452,9469,3620,0,103632,15263,14210,3827,18037,1389,950,42096449,115,440
James Cook University,QLD,2,IRU,IRU,Medium,Medium,2013,623870,10806,59585,435600,358,117521,36352,3769,0,76330,1070,0,4312,0,428030,235170,120662,114508,28239,22253,138910,17787,8561,3972,0,108590,16288,15011,4782,19793,1527,1082,51392959,98,355
James Cook University,QLD,2,IRU,IRU,Medium,Medium,2014,657414,22558,60448,464513,358,109537,32739,4913,0,70807,1078,0,4983,0,448354,246730,125764,120966,37194,16384,140512,18825,7176,4063,0,110448,16517,15196,4390,19586,1649,1082,64369546,105,396
James Cook University,QLD,2,IRU,IRU,Medium,Medium,2015,693090,47870,70153,460826,358,113883,32193,6003,0,74575,1112,0,4938,82,451898,239315,125387,113928,48727,22369,136753,17568,9147,3583,0,106455,15811,14646,4325,18971,1671,0,50075468,136,511
La Trobe University,VIC,2,IRU,IRU,Medium,Slow,2006,722916,5122,187673,471380,24190,34551,18404,1433,0,0,14714,0,12117,2193,394715,248410,141831,106579,22477,16482,105164,1191,5989,2642,0,95342,21399,20525,7450,27975,946,1157,24891782,160,425
La Trobe University,VIC,2,IRU,IRU,Medium,Slow,2007,725127,17329,183743,466648,20520,36887,20041,1387,0,0,15459,0,11619,1964,435016,264995,149080,115915,31979,17247,118505,1534,5355,3289,0,108327,21951,21040,7499,28539,956,1096,33653288,170,450
La Trobe University,VIC,2,IRU,IRU,Medium,Slow,2008,735720,32112,183743,458346,18270,43249,38899,1339,0,0,3011,0,22657,1735,462301,292956,154808,138148,25048,14569,128149,2337,3857,4151,0,117804,22355,21424,6750,28174,1057,1171,40845308,92,254
La Trobe University,VIC,2,IRU,IRU,Medium,Slow,2009,842695,25199,299669,453661,18605,45561,41294,1260,0,0,3007,0,30757,1506,473902,295373,145251,150122,26535,12023,136953,3796,7394,5371,0,120392,23572,22520,8152,30672,1141,1084,38626731,157,407
La Trobe University,VIC,2,IRU,IRU,Medium,Slow,2010,886972,62076,299669,451600,17972,55655,49964,2657,0,0,3034,0,36402,1277,505894,329212,170177,159035,26492,11240,136177,5252,5776,6429,0,118720,25127,23962,8524,32486,1182,1224,41726486,152,416
La Trobe University,VIC,2,IRU,IRU,Medium,Slow,2011,939684,100319,285420,444181,20803,88961,64642,6130,0,4803,13386,0,36880,970,527338,340986,197265,143721,33827,9908,140210,6219,4088,5674,0,124229,26031,24843,9228,34071,1416,1268,42835168,174,483
La Trobe University,VIC,2,IRU,IRU,Medium,Slow,2012,1089800,120944,264855,465509,24783,213709,77305,23214,70705,29023,13462,0,35077,723,563137,353430,201191,152239,39256,10870,156198,6461,3292,7993,0,138452,26191,24900,8833,33733,1467,1158,49919560,185,480
La Trobe University,VIC,2,IRU,IRU,Medium,Slow,2013,1145458,78879,264855,515642,29422,256660,97309,24182,69155,52054,13960,0,33351,513,584629,361270,198906,162364,44516,10778,165788,7277,2446,7890,0,148175,26541,25322,8769,34091,1629,1250,53245911,238,607
La Trobe University,VIC,2,IRU,IRU,Medium,Slow,2014,1185725,50268,298707,539860,34073,262817,96658,23207,58574,70329,14049,0,30481,280,652495,387931,207092,180839,54509,10527,194194,30461,2318,6870,0,154545,27411,26180,8630,34810,1691,1158,55381434,240,633
La Trobe University,VIC,2,IRU,IRU,Medium,Slow,2015,1238178,46966,296724,579428,39151,275909,90648,28606,56964,85472,14219,0,32394,0,648186,347040,172136,174904,58848,12727,222010,33078,3971,8542,290,176129,27992,26745,8513,35258,1869,0,70003867,205,582
Macquarie University,NSW,2,OTR,OTR,Medium,Slow,2006,804852,10615,279200,387695,17818,109524,28303,0,0,0,81221,0,1185,0,382039,212992,116308,96684,25666,2577,139660,12171,3777,2612,0,121100,20757,18946,7635,26581,1046,1420,30832104,170,432
Macquarie University,NSW,2,OTR,OTR,Medium,Slow,2007,923884,4535,364270,426275,18348,110456,32595,0,0,0,77861,0,1171,0,385626,213361,118673,94688,26477,3679,141078,15743,3342,2024,0,119969,21405,19465,7965,27430,1229,1372,33641919,189,519
Macquarie University,NSW,2,OTR,OTR,Medium,Slow,2008,980144,15954,389315,446195,19011,109669,32594,0,0,0,77075,0,393,0,456562,242576,133316,109260,27492,5353,160911,26209,3496,3138,0,128068,22482,20511,8137,28648,1287,1561,33168305,208,608
Macquarie University,NSW,2,OTR,OTR,Medium,Slow,2009,1076754,75380,389500,471566,21250,119058,34843,0,0,0,84215,0,380,0,479173,258272,139569,118703,28162,5725,184116,27186,3950,3366,0,149614,24896,23049,8192,31241,1497,1560,30320105,215,621
Macquarie University,NSW,2,OTR,OTR,Medium,Slow,2010,1523583,115283,424650,783618,22136,177896,87527,987,0,0,89382,0,515,19963,538172,279540,152847,126693,34689,7431,199995,33685,6285,3690,0,156335,26656,24745,9811,34556,1642,1579,34657441,184,555
Macquarie University,NSW,2,OTR,OTR,Medium,Slow,2011,1552577,69693,465550,818145,22617,176572,91734,1490,0,64549,18799,0,667,18364,599287,314187,167232,146955,48949,6175,202832,39414,7034,3918,0,152466,27081,25208,10536,35744,1962,1672,45074443,244,743
Macquarie University,NSW,2,OTR,OTR,Medium,Slow,2012,1706635,20969,474550,1002114,23316,185686,92327,1744,0,72663,18952,0,766,18470,675255,331959,183995,147964,52183,2645,207065,39804,6458,3433,0,157370,28522,26753,8615,35368,2091,1850,44277063,270,833
Macquarie University,NSW,2,OTR,OTR,Medium,Slow,2013,1730052,17445,474600,1019580,24715,193712,90441,1347,0,81679,20245,0,879,25076,677920,345867,185776,160091,56814,6795,231664,43223,6000,4976,284,177181,27937,26151,9011,35162,2312,1849,48642284,297,935
Macquarie University,NSW,2,OTR,OTR,Medium,Slow,2014,1770406,28601,497395,1022645,26255,195510,92038,1374,0,80997,21101,0,1207,25951,719936,392742,213042,179700,58543,7593,234792,46635,6905,5637,1597,174018,28689,26699,8891,35590,2594,1833,57928838,393,1145
Macquarie University,NSW,2,OTR,OTR,Medium,Slow,2015,1833574,34998,495080,1068002,28973,206521,95415,1098,0,88903,21105,0,1483,23747,767523,424260,225708,198552,62167,9505,235392,48621,6382,6933,322,173134,28812,27022,8743,35765,2620,0,67322327,593,1483
Monash University,VIC,1,Go8,Go8,Large,Slow,2006,1399315,31434,274530,875852,81242,136257,75866,22328,0,0,38063,38980,36550,180839,1022749,580994,336224,244770,54471,23913,346532,54953,7893,6159,0,277527,40530,37978,14871,52849,3660,3458,185748544,504,1497
Monash University,VIC,1,Go8,Go8,Large,Slow,2007,1451830,51975,275265,880427,84098,160065,85753,30909,0,0,43403,40088,45048,174221,1093315,608093,353251,254842,56037,31695,381995,67805,7978,6605,0,299607,41595,38981,14942,53923,4043,3422,232637706,480,1378
Monash University,VIC,1,Go8,Go8,Large,Slow,2008,1555405,25512,281261,975387,86264,186981,103204,36391,0,0,47386,28202,56713,151741,1238115,662031,379499,282532,60807,30912,397942,74761,11125,6652,0,305404,42773,40071,15958,56029,4455,3470,219086734,536,1632
Monash University,VIC,1,Go8,Go8,Large,Slow,2009,1709282,48202,319135,1035088,88292,218565,113669,56088,0,0,48808,26854,71027,170767,1255094,699804,403852,295952,68952,30980,435180,84157,10330,6378,0,334315,46175,43271,16033,59304,4888,3770,221041395,517,1617
Monash University,VIC,1,Go8,Go8,Large,Slow,2010,1764539,95302,319633,1027979,89066,232559,121865,58047,0,0,52647,30458,75790,196798,1404715,792079,430659,361420,74521,30761,486480,88858,12640,4894,0,380088,48486,45284,15559,60843,5442,3573,264344474,524,1618
Monash University,VIC,1,Go8,Go8,Large,Slow,2011,1845834,98532,319563,1100336,88685,238718,120512,64678,0,0,53528,29805,78636,195354,1418643,793717,414774,378943,83106,35257,484704,94972,11667,5844,0,372221,49591,46399,15964,62363,6120,3643,282459450,626,1967
Monash University,VIC,1,Go8,Go8,Large,Slow,2012,2116494,173562,321826,1296627,87634,236845,116385,64085,0,0,56375,33228,81150,243044,1542141,882741,450031,432710,85076,33587,516568,99549,13906,8718,0,394395,49534,46231,16466,62697,6767,4073,307981544,607,1921
Monash University,VIC,1,Go8,Go8,Large,Slow,2013,2049168,71077,319476,1336836,81132,240647,115904,60704,0,0,64039,34930,84929,10758,1535926,860396,426226,434170,89118,39117,528878,107111,12113,8920,278,400456,50830,47380,16273,63653,7503,4419,314501001,714,2229
Monash University,VIC,1,Go8,Go8,Large,Slow,2014,2094211,28870,317296,1440235,66478,241332,122071,54254,0,0,65007,51471,89430,10347,1702195,884426,439002,445424,91677,40234,656024,216878,13175,10485,3748,411738,52948,49204,15889,65093,8095,4319,355948869,781,2544
Monash University,VIC,1,Go8,Go8,Large,Slow,2015,2307407,79031,318056,1588885,64629,256806,139877,49519,0,0,67410,53625,95956,22089,1782341,921306,463632,457674,103185,36243,692233,222066,16218,9890,8376,435683,55738,52016,16069,68085,8093,0,341897079,861,2837
Murdoch University,WA,3,IRU,IRU,Medium,Medium,2006,434125,5064,152200,250104,10006,16751,2170,0,522,0,14059,8583,0,0,203131,119256,60588,58668,9582,8438,65489,9098,3409,3439,0,49543,9796,9069,2720,11789,503,505,35618173,108,307
Murdoch University,WA,3,IRU,IRU,Medium,Medium,2007,439731,9382,141857,259139,10689,18664,15265,0,484,0,2915,143308,0,0,227618,126915,65012,61903,11103,8311,80308,10313,5254,4392,0,60349,10718,9830,2834,12664,515,453,34223592,87,262
Murdoch University,WA,3,IRU,IRU,Medium,Medium,2008,526051,36178,158880,299115,10857,21021,17245,0,771,0,3005,142158,0,0,251861,135246,68043,67203,12256,12705,87472,12911,5429,4761,0,64371,11779,10897,2352,13249,557,492,36975431,48,146
Murdoch University,WA,3,IRU,IRU,Medium,Medium,2009,538949,29680,194700,278388,10978,25203,20552,0,995,0,3656,152709,0,0,263795,147424,73861,73563,13353,13693,86409,12336,4569,4552,0,64952,12587,11680,2851,14531,614,542,46144608,96,302
Murdoch University,WA,3,IRU,IRU,Medium,Medium,2010,530541,9779,194700,287940,11144,26978,21448,0,1510,0,4020,196331,0,0,272380,152788,76713,76075,13639,13108,90395,14916,4843,4530,0,66106,12676,11759,4365,16124,583,514,35125067,106,323
Murdoch University,WA,3,IRU,IRU,Medium,Medium,2011,540648,17663,194700,296318,2307,29660,24094,0,1287,0,4279,201930,7485,86,270903,158883,79522,79361,12664,6963,88859,14603,3733,3862,0,66661,13576,12708,4637,17345,706,558,28247671,103,324
Murdoch University,WA,3,IRU,IRU,Medium,Medium,2012,621624,16992,219005,332826,2292,50509,28361,0,667,16494,4987,201933,8767,162,287545,168838,84955,83883,13967,8500,93836,16424,3127,3687,0,70598,15787,14919,4350,19269,723,568,25286252,111,382
Murdoch University,WA,3,IRU,IRU,Medium,Medium,2013,623752,5810,230485,330173,1927,55357,28045,0,451,21570,5291,242699,8797,158,308681,184472,90923,93549,15617,7958,97558,17698,5373,3264,151,71072,16614,15751,5580,21331,782,565,24746248,97,297
Murdoch University,WA,3,IRU,IRU,Medium,Medium,2014,617960,4549,229335,322417,1843,59816,30439,0,293,23411,5673,236818,9714,31,327353,195897,94537,101360,15523,8031,100759,18907,2821,3468,11,75552,16409,15440,5946,21386,853,592,23357652,93,291
Murdoch University,WA,3,IRU,IRU,Medium,Medium,2015,614474,7157,239277,303337,1694,63009,30496,954,372,24974,6213,234468,12270,73,311433,193774,94519,99255,15844,7463,89647,18389,2153,3823,0,65282,15517,14596,5474,20070,973,0,20940996,111,321
Queensland University of Technology,QLD,2,ATN,ATN,Large,Slow,2006,727786,61207,158216,464147,0,44216,30979,3007,0,0,10230,0,8059,0,483065,285900,133788,152112,27514,29553,139844,22243,13571,5696,0,98334,27547,26379,9597,35976,1182,1430,44667772,203,525
Queensland University of Technology,QLD,2,ATN,ATN,Large,Slow,2007,807826,37634,174037,545427,0,50728,37032,2484,0,0,11212,0,14513,0,503240,300680,142183,158497,33793,15909,151817,28546,13988,7123,0,102160,28541,27282,9221,36503,1403,1361,55773386,239,658
Queensland University of Technology,QLD,2,ATN,ATN,Large,Slow,2008,850838,66368,185940,543151,0,55379,40348,2059,0,0,12972,0,21697,0,564888,326045,152638,173407,37250,20170,179493,33623,12356,9760,0,123754,28871,27583,9484,37067,1556,1624,63194792,248,647
Queensland University of Technology,QLD,2,ATN,ATN,Large,Slow,2009,865073,27778,220138,509281,0,107876,45073,48305,0,0,14498,0,29753,0,641474,369982,172583,197399,47498,25631,196977,41527,15763,10456,0,129231,30168,28784,9725,38509,1697,1709,80948621,231,582
Queensland University of Technology,QLD,2,ATN,ATN,Large,Slow,2010,839418,86769,214476,429316,0,108857,47681,46256,0,0,14920,0,36127,0,682379,407563,191655,215908,45605,24885,201979,46440,12506,9188,0,133845,31153,29595,9982,39577,1896,1756,67288976,277,800
Queensland University of Technology,QLD,2,ATN,ATN,Large,Slow,2011,926738,108304,229260,472241,0,116933,50737,43658,0,0,22538,0,34665,0,723163,433656,203615,230041,48172,22959,216419,52484,12631,9487,0,141817,31162,29505,9877,39382,2001,1908,75947527,294,753
Queensland University of Technology,QLD,2,ATN,ATN,Large,Slow,2012,1022926,235058,211587,454595,0,121686,61543,36978,0,0,23165,0,32847,0,770545,453786,216328,237458,47654,25448,240442,53461,14919,10395,0,161667,32536,30797,9983,40780,2296,1961,86071504,325,839
Queensland University of Technology,QLD,2,ATN,ATN,Large,Slow,2013,973192,37958,211437,593098,0,130699,70449,35383,0,0,24867,0,30674,0,833062,481914,229237,252677,54979,30713,262458,55282,19199,11640,361,175976,33546,31768,10545,42313,2574,2011,92574960,374,1001
Queensland University of Technology,QLD,2,ATN,ATN,Large,Slow,2014,1029125,93366,230545,537162,0,168052,98732,0,0,0,69320,0,28623,52728,873121,518595,250586,268009,57813,30820,260246,57646,14594,12587,246,175173,34723,32731,10698,43429,2838,1957,91474123,381,1052
Queensland University of Technology,QLD,2,ATN,ATN,Large,Slow,2015,1064826,101135,229573,568652,0,165466,95024,0,0,0,70442,0,25894,55856,922127,546546,265396,281150,67749,31875,271757,63367,18330,13584,0,176476,35665,33476,11232,44708,3045,0,101089634,424,1093
RMIT University,VIC,2,ATN,ATN,Large,Medium,2006,1030443,11460,251613,705229,18502,43639,38079,5560,0,0,0,0,0,0,502249,316316,193438,122878,25302,15578,143156,32651,5064,11364,0,94077,30248,29018,7762,36780,875,1205,27599036,253,688
RMIT University,VIC,2,ATN,ATN,Large,Medium,2007,1077502,28416,256664,715071,21681,55670,47420,8250,0,0,0,0,0,0,555574,355060,209988,145072,26544,16063,153736,28580,8047,8293,0,108816,31939,30738,8159,38897,1006,1213,26486513,261,680
RMIT University,VIC,2,ATN,ATN,Large,Medium,2008,1228628,84017,287440,759908,25330,71933,61827,10106,0,0,0,0,0,0,609876,388054,227230,160824,30957,20966,165261,27820,8572,9546,0,119323,34529,33364,11722,45086,1167,1272,28350890,267,681
RMIT University,VIC,2,ATN,ATN,Large,Medium,2009,1330063,106017,287440,834842,27602,74162,60361,12522,0,0,1279,0,0,0,649088,401537,232421,169116,37484,10523,192725,28165,10165,9251,0,145144,36374,35148,12850,47998,1247,1280,31562522,287,NA
RMIT University,VIC,2,ATN,ATN,Large,Medium,2010,1529682,116632,342090,938733,30753,101474,82013,18173,0,0,1288,0,0,0,705265,426750,242404,184346,45183,20876,205694,37705,10622,10443,0,146924,38906,37629,13534,51163,1406,1381,37773309,205,532
RMIT University,VIC,2,ATN,ATN,Large,Medium,2011,1657989,215184,378455,936471,30958,96921,81821,13398,0,0,1702,0,0,0,737907,449557,251965,197592,56803,14074,211237,32651,9088,11744,0,157754,40423,39118,14605,53723,1569,1395,49538785,231,611
RMIT University,VIC,2,ATN,ATN,Large,Medium,2012,1757790,33875,379261,1214276,31348,99030,88384,8838,0,0,1808,0,0,0,785472,483010,263441,219569,60060,11672,217648,37658,9351,12055,0,158584,41275,39924,15403,55327,1707,1460,49256687,233,654
RMIT University,VIC,2,ATN,ATN,Large,Medium,2013,1780696,66192,384279,1217281,30123,82821,73905,5879,0,0,3037,0,0,0,851228,489783,262974,226809,70570,15073,254364,52411,10371,12641,0,178941,44110,42617,18078,60695,1976,1572,52086036,299,860
RMIT University,VIC,2,ATN,ATN,Large,Medium,2014,2041257,115800,438885,1362630,36530,87412,71706,7029,0,0,8677,0,16319,0,892143,532434,282623,249811,58859,21051,276740,47200,9767,15467,0,204306,45432,43784,16528,60312,2359,1689,61845691,276,803
RMIT University,VIC,2,ATN,ATN,Large,Medium,2015,2209149,256143,438626,1353292,35696,125392,105811,10700,0,0,8881,0,25552,0,973371,576961,301402,275559,65507,23930,295427,60060,12151,14468,0,208748,45935,43980,16114,60094,2530,0,59357850,278,827
Southern Cross University,NSW,3,RUN,RUN,Small,Slow,2006,147969,551,11796,114166,1629,19827,6086,0,0,0,13741,0,0,0,113712,68173,33376,34797,6048,1416,37749,4064,1953,1871,0,29861,8923,8449,2753,11202,186,191,9562758,71,172
Southern Cross University,NSW,3,RUN,RUN,Small,Slow,2007,144505,533,11796,111185,1369,19622,6102,0,0,0,13520,0,0,0,123756,74207,36412,37795,5677,2013,41312,4261,2495,2075,0,32481,9045,8540,2546,11086,177,225,10195308,58,140
Southern Cross University,NSW,3,RUN,RUN,Small,Slow,2008,149159,7324,11783,108331,1176,20545,7277,0,0,0,13268,0,0,0,139934,83180,39684,43496,5676,2980,47647,4727,2942,3048,0,36930,9448,8912,2904,11816,217,278,9927956,55,126
Southern Cross University,NSW,3,RUN,RUN,Small,Slow,2009,173977,28846,12733,109359,1043,21996,8630,415,0,0,12951,0,0,0,160480,91043,44410,46633,6083,3963,58901,5038,6546,3262,0,44055,10204,9633,3234,12867,250,240,8280954,82,226
Southern Cross University,NSW,3,RUN,RUN,Small,Slow,2010,174677,4014,13022,128792,983,27866,13180,601,0,0,14085,0,239,0,168087,101880,50512,51368,7539,3207,55035,4344,2869,3017,0,44805,9984,9328,3516,12844,241,245,10440081,52,132
Southern Cross University,NSW,3,RUN,RUN,Small,Slow,2011,197122,22397,13722,130315,1097,29591,15280,345,0,13966,0,1258,353,0,184860,110012,55568,54444,8278,3477,53272,4147,3282,3366,0,42477,9587,8990,2827,11817,365,305,13362008,42,119
Southern Cross University,NSW,3,RUN,RUN,Small,Slow,2012,226472,48592,13722,131139,1122,31897,17279,158,0,14460,0,1000,1539,0,190180,120702,60976,59726,8655,2931,56774,4679,3788,3305,0,45002,9603,8861,3232,12093,475,377,13054042,45,113
Southern Cross University,NSW,3,RUN,RUN,Small,Slow,2013,230057,13967,13716,164437,117,37820,23433,34,0,14353,0,825,467,0,198329,126862,63592,63270,10276,2550,55837,5237,3153,3305,829,43313,9047,8271,2884,11155,491,403,13501350,58,151
Southern Cross University,NSW,3,RUN,RUN,Small,Slow,2014,238045,24217,12224,157836,117,43651,26144,41,0,17466,0,0,323,0,197776,122043,61142,60901,10842,2544,58968,5571,3036,3239,869,46253,9168,8367,2592,10959,573,380,12006209,33,88
Southern Cross University,NSW,3,RUN,RUN,Small,Slow,2015,245457,5378,12224,175097,117,52641,32841,39,0,19761,0,0,187,1116,202895,121615,60981,60634,11709,3117,63981,5284,2088,3674,49,52886,9180,8433,2524,10957,485,0,11507972,59,142
Swinburne University of Technology,VIC,3,OTR,OTR,Medium,Fast,2006,326431,12593,81518,185404,13282,33634,23029,4978,4823,0,804,0,32,0,292302,176053,103031,73022,13726,10569,91517,9111,6146,2813,0,73447,11763,11230,3500,14730,557,490,13949215,95,350
Swinburne University of Technology,VIC,3,OTR,OTR,Medium,Fast,2007,348441,15838,98641,188054,13768,32140,23096,4703,3530,0,811,0,0,0,315160,192900,117221,75679,18969,13418,88884,11407,6908,2897,0,67672,12985,12402,3535,15937,614,508,14328036,73,256
Swinburne University of Technology,VIC,3,OTR,OTR,Medium,Fast,2008,362457,27211,99125,190179,13929,32013,24537,4428,2237,0,811,0,0,0,352569,203803,126117,77686,21489,11901,97791,14102,8775,3976,0,70938,14105,13444,3675,17119,663,653,14977920,97,348
Swinburne University of Technology,VIC,3,OTR,OTR,Medium,Fast,2009,426593,47264,133547,205779,13329,26674,18240,6563,944,0,927,0,0,0,383065,230157,136211,93946,24765,14191,108923,17501,5312,4797,0,81313,16305,15592,4481,20073,750,630,15026677,86,303
Swinburne University of Technology,VIC,3,OTR,OTR,Medium,Fast,2010,506881,120307,135931,210147,13497,26999,19317,6748,7,0,927,0,0,0,393933,238868,143100,95768,23729,10403,120651,20678,15977,10987,0,73009,17049,16282,5035,21317,866,811,21014675,89,317
Swinburne University of Technology,VIC,3,OTR,OTR,Medium,Fast,2011,445210,20584,137783,234496,12590,39757,31722,7108,0,0,927,0,0,0,431621,264056,155866,108190,21455,13109,130428,26126,14558,13345,0,76399,18548,17747,4993,22740,1169,825,19603321,91,350
Swinburne University of Technology,VIC,3,OTR,OTR,Medium,Fast,2012,502442,26617,141173,282284,13125,39243,31602,6691,0,0,950,0,9080,0,489236,277066,168495,108571,28431,12922,166307,28492,11541,12450,0,113824,19208,18219,5260,23479,1120,857,22161923,115,446
Swinburne University of Technology,VIC,3,OTR,OTR,Medium,Fast,2013,553028,79401,141173,282061,13322,37071,35190,931,0,0,950,0,12869,0,466850,251353,148296,103057,24189,19339,170418,29367,9947,7363,979,122762,20988,20016,5568,25584,1247,932,22538494,141,539
Swinburne University of Technology,VIC,3,OTR,OTR,Medium,Fast,2014,560896,9638,142096,365010,14877,29275,28027,298,0,0,950,0,20097,0,508492,272942,154471,118471,28686,11818,193686,28897,16128,4979,396,143286,22136,21271,5824,27095,1455,1016,22907038,131,467
Swinburne University of Technology,VIC,3,OTR,OTR,Medium,Fast,2015,676671,4667,274224,361914,11787,24079,23129,0,0,0,950,7500,20221,0,543162,272583,160618,111965,31717,13831,223091,30910,15201,6142,4160,166678,23086,22236,6768,29004,1326,0,24805300,141,465
The University of Melbourne,VIC,1,Go8,Go8,Large,Medium,2006,2268460,26656,452158,1369026,279918,140702,42601,17729,0,0,80372,0,50,0,1106446,574063,328510,245553,68628,41437,411034,143185,13982,4008,0,249859,33871,30499,12372,42871,5013,3809,279653469,736,2140
The University of Melbourne,VIC,1,Go8,Go8,Large,Medium,2007,2415726,63554,505517,1416031,283166,147458,47316,17290,0,0,82852,0,115,0,1245642,663491,382277,281214,76174,60023,429003,145583,19306,7429,0,256685,34616,31253,12411,43664,5385,3909,308968969,732,2238
The University of Melbourne,VIC,1,Go8,Go8,Large,Medium,2008,2545008,172602,517577,1424956,284237,145636,45920,16794,0,0,82922,0,66,0,1643195,717289,408544,308745,82371,49818,505576,216404,15836,7674,0,265662,35436,32004,12517,44521,5992,4317,382546727,720,2218
The University of Melbourne,VIC,1,Go8,Go8,Large,Medium,2009,2920002,129341,608091,1768311,273370,140889,40372,16086,0,0,84431,0,369,0,1433294,738800,412756,326044,88064,56268,477918,183259,16310,6880,0,271469,35885,32439,13129,45568,6465,4456,336973307,775,2288
The University of Melbourne,VIC,1,Go8,Go8,Large,Medium,2010,2753398,105604,616476,1776875,76770,177673,36760,15499,11519,0,113895,0,21664,0,1521361,762107,438316,323791,130611,65555,511196,175980,15886,6341,0,312989,36581,32970,12161,45131,6589,4271,356995400,727,2203
The University of Melbourne,VIC,1,Go8,Go8,Large,Medium,2011,2981459,92970,710531,1926593,75924,175441,39390,14800,7162,0,114089,0,33001,11342,1605682,827989,456718,371271,100017,61229,552881,181083,18155,7124,0,346519,36843,33365,14650,48015,7478,4533,376531487,777,2331
The University of Melbourne,VIC,1,Go8,Go8,Large,Medium,2012,3392461,209961,921249,1953778,73339,234134,54888,17081,17352,0,144813,0,40738,22000,1702279,913399,499323,414076,118906,49968,586330,167610,15764,6657,0,396299,38126,34585,15785,50370,8049,5044,376359424,738,2212
The University of Melbourne,VIC,1,Go8,Go8,Large,Medium,2013,3494495,91513,921249,2174404,71137,236192,36532,17329,12014,0,170317,0,49518,20678,1751498,938247,519217,419030,112719,48086,630284,184703,12713,7060,2667,423141,40376,36650,16053,52703,8629,5150,373909955,744,2363
The University of Melbourne,VIC,1,Go8,Go8,Large,Medium,2014,3666483,25934,1018242,2259968,71371,290968,50137,16222,6684,0,217925,0,47768,35998,1939101,1032378,552031,480347,132719,41326,671261,183019,15650,7615,521,464456,42569,38614,16677,55291,9416,5118,412378080,720,2266
The University of Melbourne,VIC,1,Go8,Go8,Large,Medium,2015,3792338,69038,1032493,2229985,68325,392497,54570,16603,1990,0,319334,0,42841,41297,1961522,1022044,580217,441827,135794,52386,726804,182231,18046,7826,-2468,521169,45371,41303,17345,58648,9495,0,396250004,765,2444
The University of New England,NSW,3,RUN,RUN,Medium,Slow,2006,211453,2984,18530,148936,26123,14880,4143,0,2667,0,8070,0,7481,0,174060,104923,53398,51525,11044,3770,54513,6792,2740,1259,0,43722,9220,8702,3467,12169,375,626,18598211,114,306
The University of New England,NSW,3,RUN,RUN,Medium,Slow,2007,212957,8399,18530,143041,25527,17460,10547,0,1813,0,5100,0,6965,0,186153,106412,53786,52626,11453,8523,59539,6612,3043,1681,0,48203,8986,8508,3543,12051,398,608,16049499,136,406
The University of New England,NSW,3,RUN,RUN,Medium,Slow,2008,212007,5832,16581,145884,24781,18929,12102,0,1587,0,5240,0,6667,0,191652,115429,62138,53291,12181,4993,58185,6797,4309,1484,0,45595,8898,8363,3409,11772,422,672,16768790,90,241
The University of New England,NSW,3,RUN,RUN,Medium,Slow,2009,214054,5338,16581,150865,23359,17911,11319,0,1263,0,5329,0,5514,0,192251,114196,55921,58275,12345,6668,58725,7557,3341,3016,0,44811,9087,8503,3386,11889,444,570,16722554,93,265
The University of New England,NSW,3,RUN,RUN,Medium,Slow,2010,221824,15992,16561,148189,21422,19660,13524,0,939,0,5197,0,4361,0,206389,125420,62641,62779,12861,4234,63062,8138,3263,3574,0,48087,9368,8733,3296,12029,534,678,20350227,86,217
The University of New England,NSW,3,RUN,RUN,Medium,Slow,2011,256892,6182,21416,167202,19082,43010,15049,0,165,22147,5649,0,3444,0,217232,130147,64623,65524,14354,4455,67637,8794,3367,4319,0,51157,9829,9182,3208,12390,540,585,18440285,93,252
The University of New England,NSW,3,RUN,RUN,Medium,Slow,2012,259999,8384,21416,174114,15160,40925,14714,0,72,21909,4230,0,2702,0,250228,143598,72061,71537,17403,5244,82951,9084,3463,3262,0,67142,11259,10416,3239,13655,580,649,28338239,77,219
The University of New England,NSW,3,RUN,RUN,Medium,Slow,2013,270942,21111,20506,169367,12959,46999,22828,0,24,21483,2664,0,1678,0,279726,153403,76708,76695,18207,7755,98642,10872,3939,6326,712,76793,11521,10700,3581,14281,761,785,29863319,83,227
The University of New England,NSW,3,RUN,RUN,Medium,Slow,2014,302217,11661,19612,210283,9369,51292,26768,0,0,22039,2485,0,980,0,290572,168994,81134,87860,20219,6143,94041,11174,3434,5988,0,73445,11713,10830,3636,14466,774,788,32230612,88,232
The University of New England,NSW,3,RUN,RUN,Medium,Slow,2015,305545,19497,19612,214626,1769,50041,26488,0,0,21456,2097,0,836,0,290364,170347,83664,86683,24073,8197,84772,9802,2683,7871,55,64361,11706,10851,3490,14341,781,0,31268061,97,289
The University of New South Wales,NSW,1,Go8,Go8,Large,Medium,2006,1085619,47291,220426,727028,17427,73447,58172,9373,0,0,5902,0,432,0,813608,498957,232108,266849,41528,15881,265447,57930,13615,4094,0,189808,27237,24374,7926,32300,3874,3325,170440316,646,2243
The University of New South Wales,NSW,1,Go8,Go8,Large,Medium,2007,1247468,11037,234217,900537,20937,80740,62519,11498,0,0,6723,0,141,0,932650,515668,275237,240431,43439,22916,345860,59425,26188,6083,0,254164,30371,27312,8600,35912,4218,3505,232773234,646,2152
The University of New South Wales,NSW,1,Go8,Go8,Large,Medium,2008,1266019,34329,234217,883418,20316,93739,77127,9668,0,0,6944,0,100,0,1121499,590715,326517,264198,83557,23275,350089,71875,30387,9500,0,238327,32287,29143,8840,37983,4480,3553,273355248,553,1873
The University of New South Wales,NSW,1,Go8,Go8,Large,Medium,2009,1340838,21318,234627,962668,19858,102367,84892,10474,0,0,7001,0,54,0,1091573,603175,322306,280869,86634,24303,364163,77822,30366,9252,0,246723,33798,30531,9205,39736,5013,4270,301446503,563,1927
The University of New South Wales,NSW,1,Go8,Go8,Large,Medium,2010,1415318,67254,246228,953729,19069,129038,111069,10672,0,0,7297,0,1451,0,1186398,663789,355910,307879,94685,26582,376282,85414,34124,12440,0,244304,36637,33174,10481,43655,5534,4561,311327662,609,2070
The University of New South Wales,NSW,1,Go8,Go8,Large,Medium,2011,1571998,184723,246828,928517,19435,192495,128639,13022,0,43428,7406,0,8402,0,1301404,744986,403053,341933,102412,27348,399730,95505,37241,12724,0,254260,37400,33773,10192,43965,6187,4756,295947370,654,2164
The University of New South Wales,NSW,1,Go8,Go8,Large,Medium,2012,1746387,241665,246909,1045125,16198,196490,133440,12718,0,45145,5187,0,24736,0,1385449,790210,427653,362557,113556,25085,438431,100715,41195,12326,0,284195,37154,33523,10915,44438,6878,5150,330961350,686,2365
The University of New South Wales,NSW,1,Go8,Go8,Large,Medium,2013,1898687,176618,258803,1240423,16564,206279,141153,11634,0,48260,5232,0,47388,0,1441321,829994,452972,377022,121271,30186,453017,112176,44949,12590,461,282841,38789,34974,11483,46457,7592,5757,346779291,741,2536
The University of New South Wales,NSW,1,Go8,Go8,Large,Medium,2014,2083752,204181,271304,1372649,16484,219134,151314,12988,0,49676,5156,8247,62930,3475,1533429,894119,486755,407364,133338,32730,468558,108578,44923,12630,478,301949,39589,35389,11469,46858,7865,5369,344876605,775,2607
The University of New South Wales,NSW,1,Go8,Go8,Large,Medium,2015,2150321,60638,278416,1618095,16051,177121,159864,12163,0,0,5094,8851,64243,4848,1597008,906447,491597,414850,141546,32968,495707,119589,50138,14598,370,311012,40118,35966,11270,47236,7801,0,321611307,683,2467
The University of Newcastle,NSW,2,OTR,OTR,Medium,Medium,2006,715389,21018,34190,606950,11449,41782,41782,0,0,0,0,0,1995,0,331409,190409,98901,91508,29038,13564,96876,23730,5751,2122,0,65273,17774,15912,5419,21331,1027,1042,55127894,199,536
The University of Newcastle,NSW,2,OTR,OTR,Medium,Medium,2007,722708,12566,35156,611644,13767,49575,49575,0,0,0,0,0,19460,0,374870,212184,109431,102753,32554,17795,109955,25768,6619,2780,0,74788,18786,16876,5450,22326,1197,1160,70620418,141,391
The University of Newcastle,NSW,2,OTR,OTR,Medium,Medium,2008,713921,10785,35244,605495,8293,54104,54104,0,0,0,0,0,17785,0,452605,241633,125089,116544,36133,17853,126505,27277,6920,3135,0,89173,20048,18144,5417,23561,1313,1171,78102015,151,463
The University of Newcastle,NSW,2,OTR,OTR,Medium,Medium,2009,768722,7588,37465,669622,8263,45784,45784,0,0,0,0,0,14172,0,456900,258819,131758,127061,38306,14958,140770,32492,7071,3009,0,98198,21918,19583,5728,25311,1435,1426,76286008,135,394
The University of Newcastle,NSW,2,OTR,OTR,Medium,Medium,2010,805072,14884,48765,688694,4904,47825,47825,0,0,0,0,0,11610,0,486647,289159,148147,141012,39744,16487,137576,31453,7325,3312,0,95486,23464,20799,6229,27028,1549,1274,84966407,137,399
The University of Newcastle,NSW,2,OTR,OTR,Medium,Medium,2011,814675,9570,50301,700201,4909,49694,49694,0,0,0,0,0,3882,0,547172,301392,153519,147873,41485,22302,179231,34394,10551,3822,0,130464,23820,21177,6321,27498,1772,1319,86142355,129,386
The University of Newcastle,NSW,2,OTR,OTR,Medium,Medium,2012,831071,16259,51530,651648,4970,106664,49485,0,0,57179,0,0,2421,0,585245,346882,180557,166325,37527,23511,171042,37496,10418,3273,0,119855,24478,21680,6632,28312,1951,1379,92378443,169,538
The University of Newcastle,NSW,2,OTR,OTR,Medium,Medium,2013,914273,46026,51530,702794,5393,108530,49653,0,0,58877,0,0,3113,0,614118,357968,180312,177656,36021,31000,181527,37613,11672,4660,0,127582,25526,22569,7158,29727,2222,1558,83887836,225,687
The University of Newcastle,NSW,2,OTR,OTR,Medium,Medium,2014,974426,108784,54210,700439,5513,105480,44707,0,0,60773,0,0,1934,0,626238,364043,182600,181443,36440,27588,192889,37596,15342,4352,8741,126858,25558,22487,7047,29534,2447,1624,92960318,206,661
The University of Newcastle,NSW,2,OTR,OTR,Medium,Medium,2015,990573,48713,61413,765661,5662,109124,46392,0,0,62732,0,0,5186,0,638523,372594,185029,187565,38951,31552,189442,39484,14697,3927,1935,129399,24491,21488,7026,28514,2590,0,95292414,245,751
The University of Notre Dame Australia,WA,3,OTR,OTR,Small,Fast,2006,102350,10598,36455,45135,2399,7763,3653,3288,397,0,425,0,4426,9721,47319,27276,13012,14264,2291,248,14663,827,163,988,0,12685,4121,3831,910,4741,26,60,479674,4,8
The University of Notre Dame Australia,WA,3,OTR,OTR,Small,Fast,2007,134317,26726,36455,59540,2761,8835,4355,3698,320,0,462,0,6295,13593,55813,33017,16021,16996,2622,239,16139,911,179,810,0,14239,4827,4548,906,5454,26,64,477905,6,10
The University of Notre Dame Australia,WA,3,OTR,OTR,Small,Fast,2008,128946,508,35692,80794,3147,8805,4610,3467,244,0,484,0,6615,19923,72621,41111,21153,19958,4282,299,20566,950,161,851,0,18604,5578,5240,1183,6423,50,148,672014,7,14
The University of Notre Dame Australia,WA,3,OTR,OTR,Small,Fast,2009,138038,2599,43221,79086,3413,9719,4774,4269,192,0,484,0,6935,24594,83992,49224,26843,22381,4472,735,24245,1436,219,896,0,21694,6548,6041,1556,7597,74,103,526492,5,9
The University of Notre Dame Australia,WA,3,OTR,OTR,Small,Fast,2010,154354,2982,44666,92067,3849,10790,6186,3992,115,0,497,0,6830,24390,96431,60976,35076,25900,4855,392,24969,1547,315,1003,0,22104,7102,6603,1749,8352,115,165,853677,10,21
The University of Notre Dame Australia,WA,3,OTR,OTR,Small,Fast,2011,177450,20673,48656,94134,3960,10027,5776,3703,39,0,509,0,5392,24200,114797,70331,44291,26040,6172,456,29275,1845,329,1365,0,25736,7722,7218,1919,9137,145,73,745755,6,12
The University of Notre Dame Australia,WA,3,OTR,OTR,Small,Fast,2012,199507,17530,52241,115764,4225,9747,5451,3741,32,0,523,0,4148,24011,126177,79889,49794,30095,6492,522,32286,2522,300,1444,0,28020,8247,7462,2107,9569,165,103,928374,4,8
The University of Notre Dame Australia,WA,3,OTR,OTR,Small,Fast,2013,205596,5639,52241,132372,4673,10671,6667,3448,32,0,524,0,2717,23821,139928,88337,54117,34220,7416,619,36502,3713,584,1454,0,30751,8738,7940,2256,10196,216,153,1391180,11,23
The University of Notre Dame Australia,WA,3,OTR,OTR,Small,Fast,2014,226476,1355,77523,133159,4179,10260,6562,3169,0,0,529,0,1775,0,149274,94752,57954,36798,9977,935,37128,4470,507,1763,0,30388,9129,8251,2420,10671,217,173,2266068,17,34
The University of Notre Dame Australia,WA,3,OTR,OTR,Small,Fast,2015,228701,6920,78338,130098,4159,9186,5804,2853,0,0,529,0,2961,0,156219,99895,61211,38684,8139,1832,40473,5727,377,1621,0,32748,9286,8500,2483,10983,278,0,1508646,26,44
The University of Queensland,QLD,1,Go8,Go8,Large,Medium,2006,1667824,140038,154503,898295,248014,226974,126200,690,0,0,100084,0,4905,0,895564,530935,291716,239219,58072,9883,296149,44016,11295,2756,0,238082,29018,25856,8245,34101,4163,3483,214972027,511,1613
The University of Queensland,QLD,1,Go8,Go8,Large,Medium,2007,2073953,97927,186320,1169992,384809,234905,129066,472,0,0,105367,0,6099,0,976671,569061,308468,260593,62401,13221,331469,47121,16997,6613,0,260738,29288,26104,8159,34263,4596,3582,243787088,516,1744
The University of Queensland,QLD,1,Go8,Go8,Large,Medium,2008,2544658,72161,217114,1565007,395718,294658,148010,254,0,0,146394,0,11669,0,1097281,615276,326721,288555,69627,19926,390820,47933,20134,5952,0,316801,29757,26689,8417,35106,4814,3261,283029649,598,2052
The University of Queensland,QLD,1,Go8,Go8,Large,Medium,2009,2742690,154488,220163,1684557,372815,310667,159269,36,0,0,151362,0,13022,0,1131264,652056,349660,302396,81567,23174,370466,55769,17758,11165,0,285774,32015,28950,8456,37406,5230,3515,303429637,552,1941
The University of Queensland,QLD,1,Go8,Go8,Large,Medium,2010,2888123,30392,223702,1957284,330145,346600,168451,0,16045,0,162104,0,11224,0,1320329,722134,386253,335881,90297,26148,459613,59778,22576,9557,0,367702,34910,31624,9381,41005,5732,3779,320478029,535,1855
The University of Queensland,QLD,1,Go8,Go8,Large,Medium,2011,2530580,112372,378587,1591038,51785,396798,187796,0,116510,44701,47791,0,9901,0,1436837,785305,423529,361776,104112,65655,462699,64020,25336,10766,0,362577,36289,32854,9800,42654,6326,3909,338563416,553,1993
The University of Queensland,QLD,1,Go8,Go8,Large,Medium,2012,2665115,226535,372350,1608500,41275,416455,196880,7615,116268,46740,48952,0,8100,0,1519308,843169,448603,394566,108744,69811,480802,68497,24762,12641,0,374902,36921,33467,10118,43585,7082,4350,368015729,616,2212
The University of Queensland,QLD,1,Go8,Go8,Large,Medium,2013,2898216,153042,378372,1820996,35332,510474,197145,8721,199814,52675,52119,0,6167,0,1553342,871462,465174,406288,110422,49843,501754,71199,25832,12865,4043,387815,38385,34705,10262,44967,7783,4801,381765332,752,2708
The University of Queensland,QLD,1,Go8,Go8,Large,Medium,2014,2918801,26190,257711,1924945,31005,678950,204001,9997,245124,165198,54630,0,29081,0,1646027,903255,485844,417411,120391,67070,541659,73408,25907,11818,3470,427056,39920,35942,10783,46725,8354,4683,377307509,829,2968
The University of Queensland,QLD,1,Go8,Go8,Large,Medium,2015,2741323,59620,269037,1804185,29692,578789,197087,9343,204181,111166,57012,0,29743,14000,1677262,935599,500191,435408,124755,65154,541705,77575,25125,16934,3661,418410,40004,35985,11329,47314,8355,0,384971148,748,2784
The University of Sydney,NSW,1,Go8,Go8,Large,Slow,2006,2088287,83397,228464,1040892,470440,265094,79175,8404,0,0,177515,14200,36281,2074,1017084,591704,312717,278987,49029,35522,334287,55705,18749,3464,0,256369,35513,32217,11622,43839,5063,3852,309488777,656,2045
The University of Sydney,NSW,1,Go8,Go8,Large,Slow,2007,2206671,152039,224036,1079022,467359,284215,87128,8653,0,0,188434,14300,38250,2277,1117493,668878,349513,319365,51006,44374,349140,62030,19302,3795,0,264013,36077,32623,11597,44220,5688,4069,310660056,625,1978
The University of Sydney,NSW,1,Go8,Go8,Large,Slow,2008,2427678,179041,188246,1258730,466560,335101,86936,34461,0,0,213704,13000,38012,2322,1448801,753213,396477,356736,52453,50373,379527,69194,24694,4340,0,281299,37114,33525,12391,45916,6187,4091,353524300,675,2053
The University of Sydney,NSW,1,Go8,Go8,Large,Slow,2009,2508142,42955,166084,1471145,469384,358574,91165,47335,0,0,220074,13300,47901,2393,1330655,801113,412204,388909,62468,53548,398555,77095,26055,3312,0,292093,38785,35045,12707,47752,6433,4249,278955610,700,2122
The University of Sydney,NSW,1,Go8,Go8,Large,Slow,2010,2526407,61286,168753,1455908,472279,368181,91984,48098,0,0,228099,13832,58076,3306,1391902,842825,443712,399113,70103,53550,412197,85009,21660,3478,0,302050,39740,35815,12882,48697,6907,4629,304907262,775,2389
The University of Sydney,NSW,1,Go8,Go8,Large,Slow,2011,2610809,157897,171377,1325997,427037,528501,103085,52080,0,135951,237385,0,72192,3454,1504536,892550,479664,412886,103830,61392,423785,90506,24983,4228,0,304068,39662,35717,13380,49097,7920,4797,352424522,790,2377
The University of Sydney,NSW,1,Go8,Go8,Large,Slow,2012,2709437,250434,162068,1374490,376431,546014,106940,57018,0,132899,249157,0,78630,2969,1600358,941338,513992,427346,108953,59467,469388,92696,24199,4964,0,347529,40796,36835,12636,49471,8479,5417,326182419,866,2669
The University of Sydney,NSW,1,Go8,Go8,Large,Slow,2013,3013076,553010,162068,1385297,328204,584497,120508,55721,0,129521,278747,0,86125,8030,1634698,957969,519423,438546,117468,62074,485135,94264,25473,4862,0,360536,42246,38180,13024,51204,9106,5516,363135725,901,2869
The University of Sydney,NSW,1,Go8,Go8,Large,Slow,2014,3124242,372407,161686,1705437,284011,600701,122322,55379,0,134215,288785,0,156787,18594,1736680,965949,519740,446209,159134,60849,526293,95065,25734,7619,0,397875,43235,39031,13096,52127,9655,5502,356548641,847,2646
The University of Sydney,NSW,1,Go8,Go8,Large,Slow,2015,3340352,393129,388241,1449042,239295,870645,408253,55896,0,114093,292403,0,161185,19338,1872063,1061619,565009,496610,173659,70724,542504,97525,33208,8517,0,403254,45008,41030,12822,53852,9576,0,382016656,816,2616
The University of Western Australia,WA,1,Go8,Go8,Medium,Medium,2006,947121,15146,246949,556150,17910,110966,51696,0,0,0,59270,19560,7677,0,535592,309313,169220,140093,30307,10450,184439,24445,7887,4182,0,147925,14607,13092,3876,16968,2377,1716,137166436,287,957
The University of Western Australia,WA,1,Go8,Go8,Medium,Medium,2007,985667,49387,245870,555520,19678,115212,53033,0,0,0,62179,23460,5800,0,590749,348669,191997,156672,36214,12937,193064,26883,8963,4309,0,152909,15309,13782,3860,17642,2525,1695,147331633,334,1146
The University of Western Australia,WA,1,Go8,Go8,Medium,Medium,2008,1030988,84340,256367,543526,22900,123855,60327,0,0,0,63528,25460,3908,0,733043,377608,201934,175674,33396,15729,200434,30074,8383,6279,0,155698,16351,14756,4145,18901,2726,1857,158607650,315,1071
The University of Western Australia,WA,1,Go8,Go8,Medium,Medium,2009,1050351,10591,260196,633492,24666,121406,57378,0,0,0,64028,23460,2747,0,679874,408708,218234,190474,36706,12513,218938,36683,11382,6257,0,164616,17822,16078,4415,20493,2917,2000,159670802,303,1040
The University of Western Australia,WA,1,Go8,Go8,Medium,Medium,2010,1066734,9967,266390,639663,29132,121582,56893,0,0,0,64689,15913,2666,0,691796,437661,236921,200740,36441,11100,199840,38968,6775,6068,0,148029,18853,17135,4612,21747,3186,2053,172754470,288,958
The University of Western Australia,WA,1,Go8,Go8,Medium,Medium,2011,1059863,21768,266708,638045,3156,130186,60219,0,0,0,69967,14473,19716,0,775920,471216,257316,213900,34776,19757,216842,40751,8370,7143,0,160578,19803,18063,4956,23019,3759,2288,197099829,311,973
The University of Western Australia,WA,1,Go8,Go8,Medium,Medium,2012,1153157,73685,267569,648742,7182,155979,66717,0,0,0,89262,17863,18938,0,814580,509051,276355,232696,35429,18742,246100,42964,8974,8338,0,185824,20285,18624,5131,23755,4232,2448,210046910,365,1234
The University of Western Australia,WA,1,Go8,Go8,Medium,Medium,2013,1176777,17518,267757,718159,5927,167416,77400,0,0,0,90016,27313,18174,637,860376,523367,284429,238938,39315,19820,271211,45622,10459,7551,795,206784,20674,19043,5477,24520,4603,2511,214442275,346,1146
The University of Western Australia,WA,1,Go8,Go8,Medium,Medium,2014,1228456,29091,270971,751248,6171,170975,78642,0,0,0,92333,23155,20011,6507,866941,545974,293287,252687,36773,15436,262236,46521,7618,6797,1374,199926,21085,19409,6383,25792,4870,2544,204561471,306,1027
The University of Western Australia,WA,1,Go8,Go8,Medium,Medium,2015,1268016,45099,268492,795893,5790,152742,78336,0,0,0,74406,23603,20852,6045,904957,543942,288533,255409,40720,20471,267992,46151,8792,9797,0,203252,19666,18032,6997,25029,4957,0,195081287,372,1359
University of Adelaide,SA,1,Go8,Go8,Medium,Medium,2006,575418,8846,152287,336027,36744,41514,31876,4642,0,0,4996,18890,635,44706,438407,248797,139220,109577,19936,30892,137987,21622,9494,4449,0,102422,15252,13585,5047,18632,1915,1674,114482119,260,978
University of Adelaide,SA,1,Go8,Go8,Medium,Medium,2007,674601,33653,186656,368050,34744,51498,34553,11845,0,0,5100,21307,379,43472,464119,270910,150335,120575,20856,31894,139659,23702,8690,3234,0,104033,16014,14364,4958,19322,2156,1907,115770735,270,1032
University of Adelaide,SA,1,Go8,Go8,Medium,Medium,2008,754698,50859,186606,432477,33539,51217,33468,10215,0,0,7534,21027,1225,44838,557040,306694,171056,135638,23385,32800,158387,25369,8259,3447,0,121312,16855,15191,5022,20213,2258,1882,145062629,298,1139
University of Adelaide,SA,1,Go8,Go8,Medium,Medium,2009,874696,149251,186606,453299,32141,53399,33378,12454,0,0,7567,19252,1664,52886,548135,310756,172080,138676,25958,36090,170301,28036,9232,3511,0,129522,17541,15848,4965,20813,2492,2021,145880145,257,943
University of Adelaide,SA,1,Go8,Go8,Medium,Medium,2010,985183,41338,216822,639147,27166,60710,41882,11217,0,0,7611,18685,19064,58574,616768,342828,189520,153308,29784,41005,198811,31309,12239,4074,0,151189,18872,17065,5681,22746,2591,1798,164712581,306,1159
University of Adelaide,SA,1,Go8,Go8,Medium,Medium,2011,1043515,43181,216822,695082,25513,62917,45916,9348,0,0,7653,18995,17239,71032,683426,386007,217141,168866,38867,46350,204704,34595,9656,4845,0,155608,19600,17828,5884,23712,2915,1763,170027354,294,1119
University of Adelaide,SA,1,Go8,Go8,Medium,Medium,2012,1104258,101068,218212,694707,23434,66837,51683,7486,0,0,7668,17970,17044,1165,719225,404567,228300,176267,41773,52669,211758,38354,11050,3452,0,158902,20033,18155,6010,24165,3490,2091,181172432,305,1137
University of Adelaide,SA,1,Go8,Go8,Medium,Medium,2013,1159189,15878,220878,826480,21662,74291,58555,8066,0,0,7670,20402,15354,4030,753333,427702,238689,189013,45454,55718,216595,40754,10673,4636,1705,158827,20768,18691,6301,24992,3705,2173,183231604,333,1244
University of Adelaide,SA,1,Go8,Go8,Medium,Medium,2014,1154975,35871,200221,815194,19880,83809,66366,9675,0,0,7768,0,18007,8141,785943,462768,256417,206351,47039,58276,209644,41709,13045,4317,1300,149273,21409,19059,6460,25519,4101,2362,182082440,386,1419
University of Adelaide,SA,1,Go8,Go8,Medium,Medium,2015,1218256,91425,199024,822641,18141,87025,69098,10126,0,0,7801,0,20730,7899,819693,470708,260640,210068,48529,31791,263151,42952,10697,4449,0,205053,21247,19288,6310,25598,4378,0,170386371,401,1457
University of Canberra,ACT,3,OTR,NGU,Small,Medium,2006,276404,14242,0,217823,8305,36034,4697,0,0,0,31337,6503,3690,17,125190,80613,39176,41437,8586,1473,34338,1284,1627,1058,0,30369,7361,7106,3205,10311,230,356,5904523,44,98
University of Canberra,ACT,3,OTR,NGU,Small,Medium,2007,268907,3944,23240,222609,8305,10809,3607,0,0,0,7202,7899,5657,0,139027,85687,39935,45752,9961,1449,39057,1290,1501,717,0,35549,7363,7080,2861,9941,275,354,8860862,54,138
University of Canberra,ACT,3,OTR,NGU,Small,Medium,2008,260730,2195,23240,221375,4425,9495,3132,0,0,0,6363,7662,3628,0,137538,87780,46632,41148,9889,1062,38424,1666,1158,1379,0,34221,7523,7178,2911,10089,268,480,12383429,33,86
University of Canberra,ACT,3,OTR,NGU,Small,Medium,2009,291831,10491,28620,236110,4036,12574,4092,0,0,0,8482,7039,2264,0,156542,101148,54442,46706,9583,1971,42342,2002,1087,1508,0,37745,8556,8157,2831,10988,275,403,11589824,26,70
University of Canberra,ACT,3,OTR,NGU,Small,Medium,2010,299743,25573,28620,228501,3655,13394,5614,0,0,0,7780,6720,1951,0,168797,108651,58059,50592,8448,3090,46383,1775,1962,1336,0,41310,9864,9372,3426,12798,320,354,16162648,42,110
University of Canberra,ACT,3,OTR,NGU,Small,Medium,2011,356110,31840,35128,256619,3266,29257,20008,0,0,7523,1726,6400,5735,0,183265,114903,64294,50609,11797,3224,50527,1757,2802,1710,0,44258,10929,10365,3617,13982,439,491,17131124,36,77
University of Canberra,ACT,3,OTR,NGU,Small,Medium,2012,382071,23248,35835,273489,2878,46621,32299,0,0,12576,1746,0,5641,0,212027,127564,71124,56440,14693,4459,63162,1467,1881,1948,0,57866,11217,10550,4085,14635,470,535,17255483,48,121
University of Canberra,ACT,3,OTR,NGU,Small,Medium,2013,465106,99686,35835,282807,1206,45572,32260,0,0,11540,1772,0,5217,0,227524,137100,75933,61167,15305,3065,69631,1405,1743,1529,81,64873,11342,10636,3951,14587,644,592,14033256,62,155
University of Canberra,ACT,3,OTR,NGU,Small,Medium,2014,473646,7255,41961,344567,1134,78729,57625,0,0,19288,1816,0,9652,0,260011,151969,81691,70278,17961,4744,75011,1256,2055,2300,0,69400,11757,11024,3840,14864,730,611,14527927,61,153
University of Canberra,ACT,3,OTR,NGU,Small,Medium,2015,532909,13280,47360,407297,1062,63910,38197,0,0,23925,1788,0,9707,0,269499,149472,79222,70250,19950,4646,90118,2587,1073,1391,0,85067,11781,11113,3888,15001,781,0,13579643,74,190
University of South Australia,SA,2,ATN,ATN,Medium,Negative,2006,479901,33091,48540,358525,16768,22977,18119,2643,1186,0,1029,0,948,282400,355455,227875,128977.05,98897.95,20902,8382,96629,11635,2836,3336,0,78822,22523,21440,8093,29533,867,1084,40271761,144,405
University of South Australia,SA,2,ATN,ATN,Medium,Negative,2007,572333,10879,87740,432169,17728,23817,20218,2244,0,0,1355,0,2378,275300,389724,252825,147516,105309,23260,6740,107316,15457,3661,4228,0,83970,23301,22195,8285,30480,897,1148,45650741,142,389
University of South Australia,SA,2,ATN,ATN,Medium,Negative,2008,585222,6246,87740,446579,16295,28362,25157,1872,0,0,1333,0,5638,279100,433537,278476,159221,119255,24293,7564,122223,18959,4284,5522,0,93458,24408,23244,8901,32145,1073,1234,54766771,135,349
University of South Australia,SA,2,ATN,ATN,Medium,Negative,2009,610551,19086,93887,448755,15654,33169,30270,1538,0,0,1361,0,5553,330600,422503,258732,148855,109877,26525,8385,128657,20771,4127,6241,0,97518,25178,23892,9421,33313,1199,1324,57239233,136,398
University of South Australia,SA,2,ATN,ATN,Medium,Negative,2010,661984,21466,114900,472876,14291,38451,33759,3157,0,0,1535,0,6251,358300,439638,277669,157652,120017,27548,8708,125359,19688,4198,6712,0,94761,25093,23830,9045,32875,1368,1390,60710399,175,523
University of South Australia,SA,2,ATN,ATN,Medium,Negative,2011,716911,11450,126296,481972,15779,81414,38648,2569,0,38631,1566,0,6980,435900,476942,302731,171183,131548,29261,9302,135562,21216,5417,6377,0,102552,24433,23053,8969,32022,1501,1439,62525224,158,389
University of South Australia,SA,2,ATN,ATN,Medium,Negative,2012,730533,32663,126296,478029,13120,80425,37796,2208,0,38827,1594,0,5836,0,512439,317126,178587,138539,31662,10442,152808,22586,5217,6860,0,118145,23570,22094,8409,30503,1765,1490,59804414,173,448
University of South Australia,SA,2,ATN,ATN,Medium,Negative,2013,793701,77843,128030,487001,13737,87090,37662,2772,0,43377,3279,0,4173,0,532138,336539,189495,147044,31714,11115,152302,25056,6158,6693,0,114395,23221,21654,8417,30071,2024,1649,66676942,212,628
University of South Australia,SA,2,ATN,ATN,Medium,Negative,2014,803610,12160,137306,551449,13766,88929,37573,5255,0,42802,3299,0,3145,0,555868,348593,192537,156056,32132,19667,155047,23376,5182,6867,0,119622,22496,20876,8012,28888,2152,1607,71810567,180,515
University of South Australia,SA,2,ATN,ATN,Medium,Negative,2015,808473,35301,131846,547525,13034,80767,34415,1893,0,41147,3312,0,3727,0,551683,347884,191135,156749,32404,17118,153931,22923,6939,6714,0,117355,22250,20781,7259,28040,2271,0,63781632,203,632
University of Southern Queensland,QLD,3,RUN,RUN,Medium,Slow,2006,224568,943,22000,183769,0,17856,12057,5326,0,0,473,0,0,0,154997,99390,47913,51477,7699,1273,46611,4106,4764,3202,0,34539,12268,11393,4559,15952,220,345,4477558,29,59
University of Southern Queensland,QLD,3,RUN,RUN,Medium,Slow,2007,240498,1315,24500,194630,0,20053,12589,6393,0,0,1071,0,0,0,166614,109884,52713,57171,8232,2337,46061,4329,3163,2705,0,35864,12133,11285,5136,16421,210,345,5035777,43,126
University of Southern Queensland,QLD,3,RUN,RUN,Medium,Slow,2008,259011,1564,25147,194393,0,37907,13092,6359,0,0,18456,0,1662,0,188627,113074,52269,60805,8849,3236,63255,5291,3454,4559,0,49951,12245,11425,4865,16290,291,371,5223391,40,87
University of Southern Queensland,QLD,3,RUN,RUN,Medium,Slow,2009,270396,1789,26900,202911,0,38796,14845,6246,0,0,17705,0,8496,0,193788,117089,54712,62377,10015,3179,63357,5851,4189,4907,0,48410,12957,11948,5277,17225,323,347,5937344,65,175
University of Southern Queensland,QLD,3,RUN,RUN,Medium,Slow,2010,315107,5676,30850,239127,0,39454,14852,6246,0,0,18356,0,6707,0,210440,132342,62211,70131,11589,4459,61720,5543,3899,5090,0,47188,13264,11952,4737,16689,432,346,6978754,61,146
University of Southern Queensland,QLD,3,RUN,RUN,Medium,Slow,2011,337766,5555,31150,259852,0,41209,15890,6246,0,17823,1250,0,4918,0,214452,139828,65916,73912,8593,3749,62277,5975,3100,4934,0,48268,13391,12068,4204,16272,462,449,8060940,47,130
University of Southern Queensland,QLD,3,RUN,RUN,Medium,Slow,2012,407629,4104,41515,323416,0,38594,16179,0,0,21030,1385,0,3724,0,230501,150555,70241,80314,9142,4403,65343,6822,4903,5431,0,48187,14028,12652,4728,17380,512,505,8783464,78,205
University of Southern Queensland,QLD,3,RUN,RUN,Medium,Slow,2013,357338,4065,31500,278183,0,43590,15232,625,0,26172,1561,0,3368,0,249506,170656,79189,91467,9670,4444,63742,6636,4042,5159,166,47739,13770,12356,4506,16862,530,527,8671378,64,195
University of Southern Queensland,QLD,3,RUN,RUN,Medium,Slow,2014,392293,36921,32820,279113,0,43439,14919,593,0,25960,1967,0,1584,0,260119,173291,81471,91820,13895,5000,67335,7055,5679,4954,42,49605,14389,12884,4508,17392,497,375,11352852,70,200
University of Southern Queensland,QLD,3,RUN,RUN,Medium,Slow,2015,457373,2165,42592,362956,0,49660,16960,0,0,30698,2002,0,2212,0,288067,193135,90455,102680,14765,5376,73668,8047,4867,5322,161,55271,14753,13172,4555,17727,579,0,14753560,60,180
University of Tasmania,TAS,2,OTR,OTR,Medium,Fast,2006,355527,23628,41976,205540,38398,45985,15545,23917,0,0,6523,2763,1000,0,269787,155543,84042,71501,16020,11618,86035,15512,6127,3057,0,61339,13246,12077,3831,15908,885,784,60532291,159,536
University of Tasmania,TAS,2,OTR,OTR,Medium,Fast,2007,358582,12893,44408,208928,38593,53760,17331,29749,0,0,6680,2763,1000,0,329699,189307,102001,87306,17031,14903,107716,17871,10439,3859,0,75547,13433,12232,4005,16237,1111,856,63718793,129,430
University of Tasmania,TAS,2,OTR,OTR,Medium,Fast,2008,437651,41630,51068,244729,37828,62396,26606,29079,0,0,6711,2058,1000,0,389494,206407,113740,92667,16732,16509,124979,18924,8786,4333,0,92936,14460,13238,3918,17156,1133,893,70609233,140,445
University of Tasmania,TAS,2,OTR,OTR,Medium,Fast,2009,474501,76564,56124,238632,37792,65389,30420,28170,0,0,6799,2058,3110,0,391026,218530,118719,99811,17703,18006,136826,20391,12691,4359,0,99385,15178,13921,4144,18065,1161,874,67848090,192,647
University of Tasmania,TAS,2,OTR,OTR,Medium,Fast,2010,533710,36928,60762,325343,36305,74372,36297,30516,0,0,7559,0,4416,0,421316,242735,135208,107527,19703,14417,144337,20372,8394,7428,0,108143,16191,14952,4636,19588,1240,817,75433811,217,743
University of Tasmania,TAS,2,OTR,OTR,Medium,Fast,2011,557511,46525,68745,337943,34395,69903,39398,22903,0,0,7602,0,18902,0,450057,261412,144882,116530,20084,16362,152126,20402,9918,7235,0,114571,16412,15170,4748,19918,1477,1022,79392769,180,609
University of Tasmania,TAS,2,OTR,OTR,Medium,Fast,2012,618660,27932,68110,403809,32460,86349,45615,33000,0,0,7734,0,28888,0,496856,298993,163865,135128,22149,16380,158417,19641,9246,6959,0,122571,17005,15679,4853,20532,1583,1201,95243493,204,712
University of Tasmania,TAS,2,OTR,OTR,Medium,Fast,2013,664889,22408,69912,450302,30002,92265,50632,33331,0,0,8302,0,34923,0,499897,299630,164417,135213,25407,17143,157497,19352,9299,7336,151,121359,18307,16745,5584,22329,1740,1362,90097316,178,592
University of Tasmania,TAS,2,OTR,OTR,Medium,Fast,2014,687051,31522,74962,458558,27660,94349,53732,32344,0,0,8273,0,46814,0,544512,321269,167439,153830,28465,13779,179873,21704,11632,9360,-86,137263,18894,17238,5145,22383,1993,1370,97052806,166,600
University of Tasmania,TAS,2,OTR,OTR,Medium,Fast,2015,744502,61393,88458,494830,16287,83534,53832,21177,0,0,8525,0,47762,0,582354,332145,174028,158117,30966,14702,192122,24555,12400,9924,9796,135447,19710,17992,5850,23842,2199,0,105976037,181,618
"University of Technology, Sydney",NSW,2,ATN,ATN,Medium,Slow,2006,860356,4655,299544,486436,19820,49901,21892,8,4902,0,23099,0,17909,0,374058,229572,116753,112819,40311,10118,89464,10519,5121,1799,0,72025,23065,21839,9025,30864,1035,1087,23518593,163,414
"University of Technology, Sydney",NSW,2,ATN,ATN,Medium,Slow,2007,939696,11521,349952,532723,19297,26203,19362,0,5235,0,1606,0,17944,200,392421,238376,120530,117846,47881,8344,92903,12036,5020,2159,0,73688,22745,21610,8159,29769,1129,1124,26665014,161,404
"University of Technology, Sydney",NSW,2,ATN,ATN,Medium,Slow,2008,915918,7343,324967,533220,18502,31886,22646,2100,5533,0,1607,0,16225,179,422676,257098,130879,126219,49210,9194,104370,13876,4442,3002,0,83050,22879,21834,8740,30574,1187,1021,23888216,186,487
"University of Technology, Sydney",NSW,2,ATN,ATN,Medium,Slow,2009,946179,11316,335622,546330,17609,35302,25350,1489,6163,0,2300,0,17241,273,457863,277526,141276,136250,51551,8439,117139,15764,4880,3657,0,92838,23962,23026,8564,31590,1197,1088,26082271,194,521
"University of Technology, Sydney",NSW,2,ATN,ATN,Medium,Slow,2010,978364,78017,295510,555281,16832,32724,23838,573,5951,0,2362,0,17691,147,506808,305768,155195,150573,52466,9160,132326,18690,5363,4364,0,103909,24494,23303,9112,32415,1395,1185,31177168,167,434
"University of Technology, Sydney",NSW,2,ATN,ATN,Medium,Slow,2011,1114311,68682,349404,460075,16245,219905,33718,337,6028,177412,2410,0,18375,514,560334,339728,172098,167630,55371,9486,151961,18787,5509,3784,0,123881,25756,24168,9465,33633,1642,1228,36045559,161,419
"University of Technology, Sydney",NSW,2,ATN,ATN,Medium,Slow,2012,1213818,152904,356520,461392,15960,227042,36990,529,5946,181167,2410,0,20836,607,580899,350612,176964,173648,58501,8937,159388,21200,4883,3630,0,129675,25749,24221,9115,33336,1992,1384,39333099,152,411
"University of Technology, Sydney",NSW,2,ATN,ATN,Medium,Slow,2013,1478850,399306,356754,465855,15429,241506,33979,1164,5375,198643,2345,0,21649,165,605398,364450,185164,179286,57839,9672,168482,23028,4283,3833,0,137338,26612,24862,9354,34216,2258,1477,42311719,204,576
"University of Technology, Sydney",NSW,2,ATN,ATN,Medium,Slow,2014,1634385,9462,396856,808456,14535,405076,68331,661,6052,327502,2530,0,23158,820,661465,397724,199888,197836,61318,10712,186755,23597,5257,5557,0,152344,27726,25977,9754,35731,2345,1583,46868921,206,599
"University of Technology, Sydney",NSW,2,ATN,ATN,Medium,Slow,2015,1695096,18947,445147,799026,14059,417917,83540,919,6870,324058,2530,0,24146,570,720826,418369,217710,200659,73817,15390,199759,25742,5352,5216,248,163201,29356,27279,9430,36709,2562,0,53924877,218,660
University of the Sunshine Coast,QLD,3,RUN,RUN,Small,Fast,2006,126831,16613,17300,81860,25,11033,187,14,1220,0,9612,0,0,0,61428,35542,16190,19352,3229,1445,19741,2433,3877,680,0,12751,3729,3358,1053,4411,47,119,1023803,9,18
University of the Sunshine Coast,QLD,3,RUN,RUN,Small,Fast,2007,146555,4995,17300,111831,25,12404,4283,11,0,0,8110,0,240,0,70889,43225,20077,23148,4507,1478,20050,3933,2756,806,0,12555,4150,3603,1221,4824,85,122,2049559,11,24
University of the Sunshine Coast,QLD,3,RUN,RUN,Small,Fast,2008,165310,95,18500,133149,25,13541,4867,225,0,0,8449,0,2828,213,81694,49991,23631,26360,5393,1894,22800,4959,3655,1034,0,13152,4593,3947,1271,5218,114,201,2377018,10,20
University of the Sunshine Coast,QLD,3,RUN,RUN,Small,Fast,2009,169397,757,19900,134811,25,13904,4651,370,0,0,8883,0,3316,488,91566,55088,25704,29384,6949,2313,25586,6207,3541,1439,0,14399,5326,4530,1266,5796,162,178,3063396,25,66
University of the Sunshine Coast,QLD,3,RUN,RUN,Small,Fast,2010,167165,4660,16915,130828,25,14737,4987,517,0,0,9233,0,2901,479,104759,63853,31028,32825,6772,3712,28859,6376,3445,1247,0,17791,6052,5120,1428,6548,187,167,3885519,17,44
University of the Sunshine Coast,QLD,3,RUN,RUN,Small,Fast,2011,175343,5035,16915,135100,25,18268,5225,444,0,11318,1281,0,1990,161,118085,72490,34213,38277,7490,4410,32533,6912,4262,1526,0,19833,6357,5542,1466,7008,207,165,2993628,21,56
University of the Sunshine Coast,QLD,3,RUN,RUN,Small,Fast,2012,176296,5790,15224,136927,25,18330,5622,375,0,11025,1308,0,1079,64,134291,82358,39559,42799,7881,4112,38870,9633,4059,1932,0,23246,6728,5875,1494,7369,253,199,7032451,22,60
University of the Sunshine Coast,QLD,3,RUN,RUN,Small,Fast,2013,196059,21339,15224,136228,25,23243,8541,306,0,11845,2551,0,1651,139,153647,96018,46058,49960,8473,4130,44150,10458,5242,2131,81,26238,7328,6448,1697,8145,329,250,7019627,24,73
University of the Sunshine Coast,QLD,3,RUN,RUN,Small,Fast,2014,255383,25597,20900,172515,0,36371,13956,445,0,19064,2906,0,1657,334,176834,109024,51975,57049,8983,4419,53552,12724,6125,2722,-17,31998,7989,7106,1678,8784,488,324,8736547,21,48
University of the Sunshine Coast,QLD,3,RUN,RUN,Small,Fast,2015,297372,5534,21950,226134,0,43754,16777,1484,0,21479,4014,0,3251,395,200618,121830,58802,63028,8930,6640,62346,15768,6200,2922,11,37445,8701,7836,1977,9813,529,0,14683066,30,96
University of Western Sydney,NSW,3,OTR,NGU,Large,Medium,2006,670042,15279,160930,327035,13900,152898,31016,499,0,0,121383,13231,0,1529,341173,210127,109491,100636,22250,15583,89843,10363,3373,3445,0,72662,23942,23050,7898,30948,498,1074,12660450,113,322
University of Western Sydney,NSW,3,OTR,NGU,Large,Medium,2007,795051,56416,353500,338855,12700,33580,30882,317,0,0,2381,0,0,2656,378116,239375,129532,109843,23755,13788,98510,10433,3823,3946,0,80308,23988,23156,8015,31171,584,936,18127164,133,371
University of Western Sydney,NSW,3,OTR,NGU,Large,Medium,2008,856034,34569,361829,408027,12451,39158,35939,759,0,0,2460,0,69,132,411009,255535,133915,121620,25597,12812,109303,11170,4592,4946,0,88595,24503,23478,7858,31336,760,978,17583304,114,294
University of Western Sydney,NSW,3,OTR,NGU,Large,Medium,2009,932859,56707,362250,457056,11742,45104,41167,1419,0,0,2518,0,241,128,448552,265407,134878,130529,27319,17381,129371,15224,3723,6208,0,104216,26082,24960,7831,32791,913,1153,15892366,111,276
University of Western Sydney,NSW,3,OTR,NGU,Large,Medium,2010,1257812,86396,404520,703348,11145,52403,48636,876,0,0,2891,0,186,208,462309,282374,146044,136330,30421,21877,126409,12143,6053,6687,0,101526,28394,27132,8504,35636,1014,1147,18731075,90,251
University of Western Sydney,NSW,3,OTR,NGU,Large,Medium,2011,1305565,80656,377520,734356,11604,101429,44876,548,0,53010,2995,0,131,363,509771,310383,161880,148503,31195,23684,141897,17257,6270,7076,0,111294,29670,28419,8365,36784,1229,1219,17710726,111,275
University of Western Sydney,NSW,3,OTR,NGU,Large,Medium,2012,1387146,44596,377520,842791,11921,110318,44777,295,0,62163,3083,0,76,358,571967,338375,180772,157603,34242,25018,158112,17523,5344,6959,0,128286,30132,28889,8179,37068,1462,1241,21275735,108,283
University of Western Sydney,NSW,3,OTR,NGU,Large,Medium,2013,1369512,98323,365671,774130,12000,119388,47325,42,0,69210,2811,0,21,425,645499,355847,181347,174500,33690,25168,228504,18064,6321,8499,40776,154844,31368,29914,9032,38946,1769,1474,22299968,156,402
University of Western Sydney,NSW,3,OTR,NGU,Large,Medium,2014,1450639,106889,349671,825344,10435,158300,60063,13872,0,81337,3028,0,2266,1457,635281,370306,186000,184306,35912,23827,202213,15549,4888,10160,0,171616,32919,31047,8889,39936,1729,1341,26230746,122,342
University of Western Sydney,NSW,3,OTR,NGU,Large,Medium,2015,1516756,58778,376931,910661,8894,161492,59895,13062,0,85395,3140,0,5061,1916,688444,389684,195291,194393,38921,29847,228134,18652,4173,11700,0,193609,33664,32000,8817,40817,1788,0,25997665,150,440
University of Wollongong,NSW,2,OTR,OTR,Medium,Medium,2006,398243,4055,59296,280581,11042,43269,23824,0,0,0,19445,0,266,12004,275270,150331,86707,63624,23551,8595,91461,11320,4069,582,0,75490,15846,14505,5448,19953,1157,1185,31982509,153,460
University of Wollongong,NSW,2,OTR,OTR,Medium,Medium,2007,431590,31276,61120,283163,10638,45393,25546,0,0,0,19847,0,913,14108,292499,167652,96490,71162,20016,10649,93242,13093,4340,464,0,75345,16351,14925,5753,20678,1348,1376,32228654,161,444
University of Wollongong,NSW,2,OTR,OTR,Medium,Medium,2008,481565,9669,61120,346271,9081,55424,33728,0,0,0,21696,0,1558,3214,354686,187573,107609,79964,22564,8265,110503,14559,4601,860,0,90483,17378,15864,6060,21924,1361,1249,35928245,173,476
University of Wollongong,NSW,2,OTR,OTR,Medium,Medium,2009,524974,53892,61120,343802,8523,57637,33195,0,0,0,24442,0,640,7112,364681,200068,113853,86215,22310,10376,127134,17558,3869,1106,0,104601,19180,17558,5853,23411,1499,1374,45678704,195,528
University of Wollongong,NSW,2,OTR,OTR,Medium,Medium,2010,602722,90118,61120,375846,7862,67776,40765,0,0,0,27011,0,382,6046,398330,219434,127043,92391,23059,10844,140826,20677,4458,1047,0,114644,20732,18953,6824,25777,1593,1279,47245164,168,507
University of Wollongong,NSW,2,OTR,OTR,Medium,Medium,2011,617209,12003,62490,457207,7636,77873,11996,0,0,34455,31422,35002,128,3238,455616,250696,152081,98615,26606,13150,158781,22682,5740,944,0,129415,21259,19421,7097,26518,1696,1258,54478235,227,720
University of Wollongong,NSW,2,OTR,OTR,Medium,Medium,2012,651519,52309,63160,444128,7076,84846,47046,0,0,0,37800,34109,15,5641,480696,272250,160128,112122,28162,11516,163336,26446,4600,977,0,131313,22040,20108,6691,26799,1937,1441,55170485,227,642
University of Wollongong,NSW,2,OTR,OTR,Medium,Medium,2013,693237,32210,63483,502545,5877,89122,49804,1319,0,0,37999,33218,1195,9645,507127,301799,170572,131227,32374,8490,155448,29171,4095,2706,1820,117656,23006,21035,6914,27949,2265,1652,56947784,273,824
University of Wollongong,NSW,2,OTR,OTR,Medium,Medium,2014,723219,33432,66078,526005,3780,93924,52579,1948,0,0,39397,32327,5522,1651,533230,316811,181249,135562,34991,7591,166100,31360,3000,3388,2650,125702,23537,21604,7154,28758,2441,1709,63713054,289,932
University of Wollongong,NSW,2,OTR,OTR,Medium,Medium,2015,647032,24866,66488,451453,2148,102077,60533,1680,0,0,39864,31436,4479,1249,528374,322833,183536,139297,35520,6522,159102,32785,3010,3660,0,119647,23740,21845,6394,28239,2516,0,53985762,272,887
Victoria University,VIC,3,OTR,NGU,Medium,Medium,2006,540558,0,96353,419872,10975,13358,13160,0,0,0,198,0,746,0,315909,208348,120438,87910,16141,15015,76365,8396,6213,4334,0,57422,14461,13740,3998,17738,340,614,7927082,43,119
Victoria University,VIC,3,OTR,NGU,Medium,Medium,2007,567332,0,111763,427373,11222,16974,16677,86,0,0,211,0,935,0,328787,216440,123751,92689,16716,16480,78893,8923,6922,4738,0,58310,15084,14313,3969,18282,420,655,7274713,63,160
Victoria University,VIC,3,OTR,NGU,Medium,Medium,2008,575710,0,115030,430773,10995,18912,18202,180,0,0,530,0,2557,0,359137,239256,133655,105601,17497,16146,86201,9873,7144,5163,0,64021,15165,14391,4648,19039,435,651,10078876,91,257
Victoria University,VIC,3,OTR,NGU,Medium,Medium,2009,612973,49315,115030,417988,10187,20453,19534,386,0,0,533,0,8245,5397,374199,249128,132596,116532,17997,17457,89576,9016,5838,4884,0,69838,16602,15711,4683,20394,531,704,10834203,78,208
Victoria University,VIC,3,OTR,NGU,Medium,Medium,2010,668287,77460,135798,420030,9415,25584,22518,2512,0,0,554,0,24259,5111,406467,268226,143379,124847,19662,18640,99630,9948,7603,5334,0,76745,18079,17081,5138,22219,558,680,10667881,92,244
Victoria University,VIC,3,OTR,NGU,Medium,Medium,2011,671144,21731,135798,474358,9192,30065,27108,2379,0,0,578,0,39466,11824,446337,293504,149764,143740,23752,18426,110783,8875,6133,6475,0,89300,18373,17427,6421,23848,641,620,12005159,77,216
Victoria University,VIC,3,OTR,NGU,Medium,Medium,2012,799920,18859,195611,551507,8708,25235,22857,1904,0,0,474,0,43687,10840,473440,328354,164682,163672,28266,13995,100514,9205,2967,5744,0,82598,19142,17977,5379,23356,694,664,14023902,87,236
Victoria University,VIC,3,OTR,NGU,Medium,Medium,2013,718604,9955,164858,508360,8790,26641,23980,2178,0,0,483,0,47450,9828,428004,272699,146187,126512,31163,14490,103667,9071,3300,5052,0,86244,19719,18673,5158,23831,768,632,13365271,73,179
Victoria University,VIC,3,OTR,NGU,Medium,Medium,2014,712545,15354,159716,500151,9141,28183,25816,1872,0,0,495,0,55332,8991,436463,286691,157388,129303,29092,14957,104983,9228,2407,6705,0,86643,19998,18947,5627,24574,846,625,18016560,115,309
Victoria University,VIC,3,OTR,NGU,Medium,Medium,2015,784367,55766,195393,493359,9718,30131,26842,2742,0,0,547,0,56555,8096,422182,275017,143975,131042,30871,13783,103059,9512,2448,7111,0,83988,19579,18524,6648,25172,850,0,17352856,121,342
